GNU GPLv3;GNU General Public License 3.0;GNU General Public License v3.0 only;GNU General Public License v3.0 or later;GNU General Public License, Version 3.0;GPL 3.0;GPL 3.0 or later;GPL-3.0;GPL-3.0-only;GPL-3.0-or-later;License :: OSI Approved :: GNU General Public License (GPL);License :: OSI Approved :: GNU General Public License v3 (GPLv3);gpl-3.0;gpl-3.0-plus
GNU LGPLv3;GNU Lesser General Public License 3.0;GNU Lesser General Public License v3.0 only;GNU Lesser General Public License v3.0 or later;GNU Lesser General Public License, Version 3.0;LGPL 3.0;LGPL 3.0 or later;LGPL-3.0;LGPL-3.0-only;LGPL-3.0-or-later;License :: OSI Approved :: GNU Lesser General Public License v3 (LGPLv3);License :: OSI Approved :: GNU Library or Lesser General Public License (LGPL);lgpl-3.0;lgpl-3.0-plus
GNU GPLv2;GNU General Public License 2.0;GNU General Public License v2.0 only;GNU General Public License v2.0 or later;GNU General Public License, Version 2.0;GPL 2.0;GPL 2.0 or later;GPL-2.0;GPL-2.0-only;GPL-2.0-or-later;License :: OSI Approved :: GNU General Public License v2 (GPLv2);gpl-2.0;gpl-2.0-plus
GNU LGPLv2.1;GNU Lesser General Public License 2.1;GNU Lesser General Public License v2.1 only;GNU Lesser General Public License v2.1 or later;GNU Lesser General Public License, Version 2.1;LGPL 2.1;LGPL 2.1 or later;LGPL-2.1;LGPL-2.1-only;LGPL-2.1-or-later;License :: OSI Approved :: GNU Lesser General Public License v2 (LGPLv2);lgpl-2.1;lgpl-2.1-plus
BSD 3-Clause "New" or "Revised" License;BSD 3-Clause "New" or "Revised" License (BSD-3-Clause);BSD 3-Clause License;BSD-3;BSD-3-Clause;BSD-3-clause;License :: OSI Approved :: BSD License;Modified BSD License;New BSD License;Revised BSD License;bsd-3-clause;bsd-new
BSD 2-Clause "Simplified" License;BSD 2-Clause "Simplified" or "FreeBSD" License (BSD-2-Clause);BSD 2-Clause License;BSD-2;BSD-2-Clause;BSD-2-clause;FreeBSD License;Simplified BSD License;bsd-2-clause;bsd-simplified
OSL 1.0;OSL 3.0;OSL-1.0;OSL-3.0;Open Software License 1.0;Open Software License 3.0;Open Software License, Version 1.0;Open Software License, Version 3.0;osl-1.0;osl-3.0
GNU Library General Public License 2.0;GNU Library General Public License v2 only;GNU Library General Public License v2 or later;LGPL 2.0;LGPL 2.0 or later;LGPL-2.0-only;LGPL-2.0-or-later;lgpl-2.0;lgpl-2.0-plus
CECILL-2.1;CeCILL 2.1;CeCILL Free Software License Agreement v2.1;CeCILL License 2.1;CeCILL-2.1;Cea Cnrs Inria Logiciel Libre License, Version 2.1;License :: OSI Approved :: CEA CNRS Inria Logiciel Libre License, version 2.1 (CeCILL-2.1);cecill-2.1
License :: OSI Approved :: University of Illinois/NCSA Open Source License;NCSA;NCSA Open Source License;The University of Illinois/NCSA Open Source License;UIUC/NCSA;University of Illinois/NCSA Open Source License;ncsa;uoi-ncsa
License :: OSI Approved :: W3C License;The W3C Software Notice and License;W3C;W3C License;W3C Software Notice and License;W3C Software Notice and License (2002-12-31);W3C Software Notice and License 20021231;w3c
CPL;CPL 1.0;CPL-1.0;Common Public License 1.0;Common Public License, Version 1.0;License :: OSI Approved :: Common Public License;cpl-1.0
EFL 2.0;EFL-2.0;Eiffel Forum License 2.0;Eiffel Forum License v2.0;Eiffel Forum License, Version 2;License :: OSI Approved :: Eiffel Forum License;efl-2.0
ICU;ICU License;X11;X11 License;X11-Style (X Consortium);x11;x11-xconsortium
IBM Public License 1.0;IBM Public License v1.0;IBM Public License, Version 1.0;IPL 1.0;IPL-1.0;License :: OSI Approved :: IBM Public License;ibmpl-1.0
Expat;License :: OSI Approved :: MIT License;MIT;MIT License;MIT license / X11 license;MIT/Expat License;mit
License :: OSI Approved :: Qt Public License (QPL);Q Public License;Q Public License 1.0;QPL 1.0;QPL-1.0;The Q Public License Version (QPL-1.0);qpl-1.0
License :: OSI Approved :: Sun Public License;SPL 1.0;SPL-1.0;Sun Public License 1.0;Sun Public License v1.0;Sun Public License, Version 1.0;spl-1.0
License :: OSI Approved :: Zope Public License;The Zope Public License, Version 2.0;ZPL 2.0;ZPL-2.0;Zope Public License 2.0;Zope-2.0;zpl-2.0
License :: OSI Approved :: zlib/libpng License;The zlib/libpng License (Zlib);ZLIB License;Zlib;zlib;zlib License;zlib/libpng license
AFL-3.0;Academic Free License 3.0;Academic Free License v3.0;Academic Free License, Version 3.0;License :: OSI Approved :: Academic Free License (AFL);afl-3.0
Apache License 2.0;Apache License, Version 2.0;Apache Software License 2.0;Apache-2.0;License :: OSI Approved :: Apache Software License;apache-2.0
CA Trusted Open Source License 1.1;CATOSL-1.1;Computer Associates Trusted Open Source License 1.1;Computer Associates Trusted Open Source License 1.1 (CATOSL-1.1);Computer Associates Trusted Open Source License, Version 1.1;ca-tosl-1.1
CNRI Python 1.6;CNRI Python License;CNRI portion of the multi-part Python License;CNRI-Python;License :: OSI Approved :: Python License (CNRI Python License);cnri-python-1.6
ECL 1.0;ECL-1.0;Educational Community License 1.0;Educational Community License v1.0;Educational Community License, Version 1.0;ecl-1.0
ECL 2.0;ECL-2.0;Educational Community License 2.0;Educational Community License v2.0;Educational Community License, Version 2.0;ecl-2.0
EUPL 1.1;EUPL-1.1;European Union Public License 1.1;European Union Public License, Version 1.1;License :: OSI Approved :: European Union Public Licence 1.1 (EUPL 1.1);eupl-1.1
Entessa;Entessa 1.0;Entessa Public License;Entessa Public License 1.0;Entessa Public License v1.0;entessa-1.0
Frameworx 1.0;Frameworx License 1.0;Frameworx License, Version 1.0;Frameworx Open License 1.0;Frameworx-1.0;frameworx-1.0
ISC;ISC License;ISC License (ISC);ISC license;License :: OSI Approved :: ISC License (ISCL);isc
Intel;Intel BSD - Export Control;Intel Open Source License;License :: OSI Approved :: Intel Open Source License;The Intel Open Source License;intel-bsd-export-control
LPL-1.0;Lucent Public License ("Plan9") 1.0;Lucent Public License 1.0;Lucent Public License Version 1.0;Lucent Public License, Plan 9, Version 1.0;lucent-pl-1.0
LPPL 1.3c;LPPL-1.3c;LaTeX Project Public License 1.3c;LaTeX Project Public License v1.3c;LaTeX Project Public License, Version 1.3c;lppl-1.3c
License :: OSI Approved :: Mozilla Public License 1.0 (MPL);MPL 1.0;MPL-1.0;Mozilla Public License 1.0;Mozilla Public License, Version 1.0;mpl-1.0
License :: OSI Approved :: Mozilla Public License 1.1 (MPL 1.1);MPL 1.1;MPL-1.1;Mozilla Public License 1.1;Mozilla Public License, Version 1.1;mpl-1.1
License :: OSI Approved :: Mozilla Public License 2.0 (MPL 2.0);MPL 2.0;MPL-2.0;Mozilla Public License 2.0;Mozilla Public License, Version 2.0;mpl-2.0
License :: OSI Approved :: Motosoto License;Motosoto;Motosoto 0.9.1;Motosoto License;Motosoto Open Source License, Version 0.9.1;motosoto-0.9.1
MIT Old Style no advertising;NTP;NTP License;NTP License (NTP);mit-old-style-no-advert;ntpl
License :: OSI Approved :: Nokia Open Source License;NOKOS License 1.0a;Nokia;Nokia Open Source License;Nokia Open Source License, Version 1.0a;nokos-1.0a
OFL 1.1;OFL-1.1;Open Font License 1.1;SIL Open Font License 1.1;SIL Open Font License, Version 1.1;ofl-1.1
OpenSSL;OpenSSL License;OpenSSL license;OpenSSL/SSLeay License;openssl;openssl-ssleay
License :: OSI Approved :: Python Software Foundation License;Python License 2.0;Python License, Version 2.0;Python Software Foundation License 2;Python-2.0;python
License :: OSI Approved :: Ricoh Source Code Public License;RSCPL;Ricoh Source Code Public License;Ricoh Source Code Public License 1.0;The Ricoh Source Code Public License;ricoh-1.0
License :: OSI Approved :: Sun Industry Standards Source License (SISSL);SISSL;Sun Industry Standards Source License;Sun Industry Standards Source License 1.1;Sun Industry Standards Source License v1.1;sun-sissl-1.1
SimPL 2.0;SimPL-2.0;Simple Public License (SimPL-2.0);Simple Public License 2.0;Simple-2.0;simpl-2.0
License :: OSI Approved :: Vovida Software License 1.0;The Vovida Software License, Version 1.0;VSL-1.0;Vovida Software License 1.0;Vovida Software License v1.0;vsl-1.0
Do What The F*ck You Want To Public License;Do What The Fuck You Want To Public License (WTFPL) 2;WTFPL;WTFPL 2.0;wtfpl;wtfpl-2.0
Altera License;License :: OSI Approved :: X.Net License;The X.Net, Inc. License;X.Net License;Xnet;xnet
AGPL-3.0;GNU AFFERO GENERAL PUBLIC LICENSE, Version 3 (AGPL-3.0);GNU AGPLv3;GNU Affero General Public License v3;License :: OSI Approved :: GNU Affero General Public License v3;agpl-3.0
AGPL-3.0-only;AGPL-3.0-or-later;GNU Affero General Public License 3.0;GNU Affero General Public License v3.0 only;GNU Affero General Public License v3.0 or later
Artistic License 2.0;Artistic License, Version 2.0;Artistic-2.0;License :: OSI Approved :: Artistic License;artistic-2.0
BSD 3-Clause Clear License;BSD-3-Clause-Clear;Clear BSD License;bsd-3-clause-clear;clear-bsd
BSL-1.0;Boost Software License 1.0;Boost Software License 1.0 (BSL-1.0);Business Source License 1.0;bsl-1.0
CC-BY 4.0;CC-BY-4.0;Creative Commons Attribution 4.0;Creative Commons Attribution 4.0 International;cc-by-4.0
CC-BY-SA 4.0;CC-BY-SA-4.0;Creative Commons Attribution Share Alike 4.0 International;Creative Commons Attribution Share-Alike 4.0;cc-by-sa-4.0
CC0 1.0;CC0-1.0;Creative Commons Zero 1.0;Creative Commons Zero v1.0 Universal;cc0-1.0
CDDL 1.0;CDDL-1.0;Common Development and Distribution License 1.0;Common Development and Distribution License, Version 1.0;cddl-1.0
CPAL 1.0;CPAL-1.0;Common Public Attribution License 1.0;Common Public Attribution License Version 1.0 (CPAL-1.0);cpal-1.0
CUA Office Public License;CUA Office Public License 1.0;CUA Office Public License v1.0;CUA-OPL-1.0;cua-opl-1.0
EFL 1.0;EFL-1.0;Eiffel Forum License v1.0;The Eiffel Forum License, Version 1;efl-1.0
EPL 1.0;EPL-1.0;Eclipse Public License 1.0;Eclipse Public License, Version 1.0;epl-1.0
EUPL 1.2;EUPL-1.2;European Union Public Licence 1.2;European Union Public License 1.2;eupl-1.2
LPL-1.02;Lucent Public License 1.02;Lucent Public License v1.02;Lucent Public License, Version 1.02;lucent-pl-1.02
CMU License;CMU UC Regents License;MIT-CMU;cmu-template;cmu-uc
MS-PL;Microsoft Public License;Microsoft Public License (MS-PL);Ms-PL;ms-pl
MirOS;MirOS Licence;MirOS License;The MirOS Licence (MirOS);mir-os
NASA 1.3;NASA Open Source Agreement 1.3;NASA Open Source Agreement, Version 1.3;NASA-1.3;nasa-1.3
License :: OSI Approved :: Nethack General Public License;NGPL;Nethack General Public License;The Nethack General Public License;ngpl
NPL 1.1;NPL-1.1;Netscape Public License 1.1;Netscape Public License v1.1;npl-1.1
NPOSL-3.0;Non-Profit OSL 3.0;Non-Profit Open Software License 3.0;The Non-Profit Open Software License, Version 3.0;nosl-3.0
ODC Open Database License v1.0;ODbL 1.0;ODbL-1.0;Open Data Commons Open Database License 1.0;odbl-1.0
License :: OSI Approved :: Open Group Test Suite License;OGTSL;Open Group Test Suite License;The Open Group Test Suite License (OGTSL);opengroup
OSL 2.1;OSL-2.1;Open Software License 2.1;Open Software License, Version 2.1;osl-2.1
ODC Public Domain Dedication & License 1.0;Open Data Commons Public Domain Dedication and Licence 1.0;PDDL 1.0;PDDL-1.0;pddl-1.0
PHP License 3.0;PHP License v3.0;PHP-3.0;The PHP License, Version 3.0;php-3.0
RPL 1.1;RPL-1.1;Reciprocal Public License 1.1;Reciprocal Public License, Version 1.1;rpl-1.1
RPL 1.5;RPL-1.5;Reciprocal Public License 1.5;Reciprocal Public License, Version 1.5;rpl-1.5
RPSL-1.0;RealNetworks Public Source License 1.0;RealNetworks Public Source License v1.0;RealNetworks Public Source License, Version 1.0;rpsl-1.0
License :: OSI Approved :: Sleepycat License;Sleepycat;Sleepycat License;The Sleepycat License;sleepycat
Open Watcom 1.0;Sybase Open Watcom Public License 1.0;The Sybase Open Source Licence;Watcom-1.0;sybase
0BSD;0bsd;BSD Zero Clause License;bsd-zero
AAL;Attribution Assurance License;Attribution Assurance Licenses;License :: OSI Approved :: Attribution Assurance License
APSL-2.0;Apple Public Source License 2.0;Apple Public Source License, Version 2.0;License :: OSI Approved :: Apple Public Source License
Apache License 1.1;Apache Software License 1.1;Apache Software License, Version 1.1;Apache-1.1
BSD-2-Clause Plus Patent;BSD-2-Clause Plus Patent License;BSD-2-Clause-Patent;bsd-plus-patent
BSD Acknowledgment License;BSD with attribution;BSD-3-Clause-Attribution;bsd-ack
BSD-3-Clause-LBNL;LBNL BSD Variant;Lawrence Berkeley National Labs BSD variant license;lbnl-bsd
BSD 3-Clause No Nuclear License;BSD-3-Clause-No-Nuclear-License;Sun BSD-Style with Nuclear Restrictions;sun-bsd-no-nuclear
BSD 3-Clause No Nuclear License 2014;BSD-3-Clause-No-Nuclear-License-2014;Oracle BSD-Style with Nuclear Restrictions;oracle-bsd-no-nuclear
BSD 4-Clause "Original" or "Old" License;BSD-4-Clause;BSD-Original;bsd-original
BSD-4-Clause (University of California-Specific);BSD-4-Clause-UC;BSD-Original-UC;bsd-original-uc
CC-BY-NC-4.0;Creative Commons Attribution Non Commercial 4.0 International;Creative Commons Attribution-NonCommercial 4.0;cc-by-nc-4.0
CC-BY-NC-ND-4.0;Creative Commons Attribution Non Commercial No Derivatives 4.0 International;Creative Commons Attribution NonCommercial No-Derivatives 4.0;cc-by-nc-nd-4.0
CC-BY-NC-SA-4.0;Creative Commons Attribution Non Commercial Share Alike 4.0 International;Creative Commons Attribution NonCommercial Share-Alike 4.0;cc-by-nc-sa-4.0
CC-BY-ND-4.0;Creative Commons Attribution No Derivatives 4.0 International;Creative Commons Attribution No-Derivatives 4.0;cc-by-nd-4.0
CDDL 1.1;CDDL-1.1;Common Development and Distribution License 1.1;cddl-1.1
CDLA Permissive 1.0;CDLA-Permissive-1.0;Community Data License Agreement Permissive 1.0;cdla-permissive-1.0
CDLA Sharing 1.0;CDLA-Sharing-1.0;Community Data License Agreement Sharing 1.0;cdla-sharing-1.0
CECILL-1.0;CeCILL 1.0;CeCILL Free Software License Agreement v1.0;cecill-1.0
CECILL-1.1;CeCILL 1.1 English;CeCILL Free Software License Agreement v1.1;cecill-1.1
CECILL-2.0;CeCILL 2.0;CeCILL Free Software License Agreement v2.0;cecill-2.0
CECILL-B;CeCILL-B Free Software License Agreement;CeCILL-B License;cecill-b
CECILL-C;CeCILL-C Free Software License Agreement;CeCILL-C License;cecill-c
CNRI Python 1.6.1;CNRI Python Open Source GPL Compatible License Agreement;CNRI-Python-GPL-Compatible;cnri-python-1.6.1
CPOL 1.02;CPOL-1.02;Code Project Open License 1.02;cpol-1.02
Condor Public License 1.1;Condor Public License v1.1;Condor-1.1;condor-1.1
Crystal Stacker License;CrystalStacker;CrystalStacker License;crystal-stacker
EPL 2.0;EPL-2.0;Eclipse Public License 2.0;epl-2.0
EUPL 1.0;EUPL-1.0;European Union Public License 1.0;eupl-1.0
ErlPL-1.1;Erlang Public License 1.1;Erlang Public License v1.1;erlangpl-1.1
FSF Free Software License;FSF Unlimited License;FSFUL;fsf-free
FSF Unlimited License (with License Retention);FSF-Unlimited;FSFULLR;fsf-unlimited
FTL;FreeType Project License;Freetype Project License;freetype
Fair;Fair License;Fair License (Fair);fair
FreeImage;FreeImage Public License 1.0;FreeImage Public License v1.0;freeimage-1.0
GFDL 1.1;GFDL-1.1-only;GNU Free Documentation License v1.1 only;gfdl-1.1
GFDL 1.1 or later;GFDL-1.1-or-later;GNU Free Documentation License v1.1 or later;gfdl-1.1-plus
GFDL 1.2;GFDL-1.2-only;GNU Free Documentation License v1.2 only;gfdl-1.2
GFDL 1.2 or later;GFDL-1.2-or-later;GNU Free Documentation License v1.2 or later;gfdl-1.2-plus
GFDL 1.3;GFDL-1.3-only;GNU Free Documentation License v1.3 only;gfdl-1.3
GFDL 1.3 or later;GFDL-1.3-or-later;GNU Free Documentation License v1.3 or later;gfdl-1.3-plus
GNU General Public License v1.0 only;GPL 1.0;GPL-1.0-only;gpl-1.0
GNU General Public License v1.0 or later;GPL 1.0 or later;GPL-1.0-or-later;gpl-1.0-plus
3DFX GLIDE;3dfx Glide License;Glide;glide
Haskell Language Report License;Haskell Report License;HaskellReport;haskell-report
IBM PowerPC Initialization and Boot Software;IBM PowerPC Software;IBM-pibs;ibm-pibs
IJG;Independent JPEG Group License;JPEG License;ijg
IPA;IPA Font License;IPA Font License 1.0;ipa-font
Info-ZIP;Info-ZIP License;Info-Zip License;info-zip
Intel ACPI SLA;Intel ACPI Software License Agreement;Intel-ACPI;intel-acpi
Interbase Public License 1.0;Interbase Public License v1.0;Interbase-1.0;interbase-1.0
JasPer 2.0;JasPer License;JasPer-2.0;jasper-2.0
LPPL 1.0;LPPL-1.0;LaTeX Project Public License v1.0;lppl-1.0
LPPL 1.1;LPPL-1.1;LaTeX Project Public License v1.1;lppl-1.1
LPPL 1.2;LPPL-1.2;LaTeX Project Public License v1.2;lppl-1.2
LPPL 1.3a;LPPL-1.3a;LaTeX Project Public License v1.3a;lppl-1.3a
LiLiQ-P-1.1;Licence Libre du Québec – Permissive version 1.1;Licence Libre du Québec – Permissive, Version 1.1;liliq-p-1.1
LiLiQ-R-1.1;Licence Libre du Québec – Réciprocité version 1.1;Licence Libre du Québec – Réciprocité, Version 1.1;liliq-r-1.1
Libpng;Libpng License;libpng;libpng License
MIT No Attribution;MIT-0;MIT-0-Clause;mit-0
EFL MIT-Style License;Enlightenment License (e16);MIT-advertising;enlightenment
MIT Acknowledgment License;MIT-feh;feh License;mit-ack
MIT +no-false-attribs license;MIT no false attribution License;MITNFA;mit-no-false-attribs
MPL 2.0 with no copyleft exception;MPL-2.0-no-copyleft-exception;Mozilla Public License 2.0 (no copyleft exception);mpl-2.0-no-copyleft-exception
MS-RL;Microsoft Reciprocal License;Microsoft Reciprocal License (MS-RL);ms-rl
MakeIndex;MakeIndex Distribution Notice;MakeIndex License;makeindex
NOSL;NOSL 1.0;Netizen Open Source License;nosl-1.0
NPL 1.0;NPL-1.0;Netscape Public License v1.0;npl-1.0
NAUMEN Public License;Naumen;Naumen Public License;naumen
Net SNMP License;Net-SNMP;Net-SNMP License;net-snmp
NetCDF;NetCDF License;NetCDF license;netcdf
OCLC Research Public License 2.0;OCLC-2.0;The OCLC Research Public License, Version 2.0;oclc-2.0
OFL 1.0;OFL-1.0;SIL Open Font License 1.0;ofl-1.0
OGL-UK-1.0;Open Government Licence 1.0 (United Kingdom);Open Government Licence v1.0;ogl-uk-1.0
OGL-UK-2.0;Open Government Licence 2.0 (United Kingdom);Open Government Licence v2.0;ogl-uk-2.0
OGL-UK-3.0;Open Government Licence 3.0 (United Kingdom);Open Government Licence v3.0;ogl-uk-3.0
OLDAP-1.1;Open LDAP Public License v1.1;OpenLDAP Public License 1.1;openldap-1.1
OLDAP-1.2;Open LDAP Public License v1.2;OpenLDAP Public License 1.2;openldap-1.2
OLDAP-1.3;Open LDAP Public License v1.3;OpenLDAP Public License 1.3;openldap-1.3
OLDAP-1.4;Open LDAP Public License v1.4;OpenLDAP Public License 1.4;openldap-1.4
OLDAP-2.0;Open LDAP Public License v2.0 (or possibly 2.0A and 2.0B);OpenLDAP Public License 2.0;openldap-2.0
OLDAP-2.0.1;Open LDAP Public License v2.0.1;OpenLDAP Public License 2.0.1;openldap-2.0.1
OLDAP-2.1;Open LDAP Public License v2.1;OpenLDAP Public License 2.1;openldap-2.1
OLDAP-2.2;Open LDAP Public License v2.2;OpenLDAP Public License 2.2;openldap-2.2
OLDAP-2.2.1;Open LDAP Public License v2.2.1;OpenLDAP Public License 2.2.1;openldap-2.2.1
OLDAP-2.2.2;Open LDAP Public License 2.2.2;OpenLDAP Public License 2.2.2;openldap-2.2.2
OLDAP-2.3;Open LDAP Public License v2.3;OpenLDAP Public License 2.3;openldap-2.3
OLDAP-2.4;Open LDAP Public License v2.4;OpenLDAP Public License 2.4;openldap-2.4
OLDAP-2.5;Open LDAP Public License v2.5;OpenLDAP Public License 2.5;openldap-2.5
OLDAP-2.6;Open LDAP Public License v2.6;OpenLDAP Public License 2.6;openldap-2.6
OLDAP-2.7;Open LDAP Public License v2.7;OpenLDAP Public License 2.7;openldap-2.7
OLDAP-2.8;Open LDAP Public License v2.8;OpenLDAP Public License 2.8;openldap-2.8
FastCGI DevKit;OML;Open Market License;fastcgi-devkit
OPL-1.0;Open Public License 1.0;Open Public License v1.0;open-public
OSL 1.1;OSL-1.1;Open Software License 1.1;osl-1.1
OSL 2.0;OSL-2.0;Open Software License 2.0;osl-2.0
PHP License 3.01;PHP License v3.01;PHP-3.01;php-3.01
Dom4j License;Plexus;Plexus Classworlds License;dom4j
PostgreSQL;PostgreSQL License;The PostgreSQL Licence;postgresql
RHeCos-1.1;Red Hat eCos Public License 1.1;Red Hat eCos Public License v1.1;ecosrh-1.1
RSA Message-Digest License ;RSA-MD;RSA-MD5 License;rsa-md5
SCEA;SCEA Shared Source License;SCEA Shared Source License 1.0;scea-1.0
SGI Free Software License B 1.0;SGI Free Software License B v1.0;SGI-B-1.0;sgi-fslb-1.0
SGI Free Software License B 1.1;SGI Free Software License B v1.1;SGI-B-1.1;sgi-freeb-1.1
SGI Free Software License B 2.0;SGI Free Software License B v2.0;SGI-B-2.0;sgi-freeb-2.0
SISSL-1.2;Sun Industry Standards Source License 1.2;Sun Industry Standards Source License v1.2;sun-sissl-1.2
SMLNJ;Standard ML of New Jersey;Standard ML of New Jersey License;standard-ml-nj
SWL;Scheme Widget Library (SWL) Software License;Scheme Widget Library (SWL) Software License Agreement;swl
Regexp License;Spencer License 86;Spencer-86;regexp
Henry Spencer Regexp License;Spencer License 94;Spencer-94;hs-regexp
Henry Spencer License 1999;Spencer License 99;Spencer-99;henry-spencer-1999
SugarCRM Public License 1.1.3;SugarCRM Public License v1.1.3;SugarCRM-1.1.3;sugarcrm-1.1.3
TORQUE 1.1;TORQUE v2.5+ Software License v1.1;TORQUE-1.1;torque-1.1
TOSL;TOSL 1.0a;Trusster Open Source License;tosl
TU Berlin License 1.0;TU-Berlin-1.0;Technische Universitaet Berlin License 1.0;tu-berlin
TU Berlin License 2.0;TU-Berlin-2.0;Technische Universitaet Berlin License 2.0;tu-berlin-2.0
UPL 1.0;UPL-1.0;Universal Permissive License v1.0;upl-1.0
Unicode DFS 2015;Unicode License Agreement - Data Files and Software (2015);Unicode-DFS-2015;unicode-dfs-2015
Unicode DFS 2016;Unicode License Agreement - Data Files and Software (2016);Unicode-DFS-2016;unicode-dfs-2016
The Unlicense;Unlicense;Unlicense 1;unlicense
VOSTROM;VOSTROM Public License;VOSTROM Public License for Open Source;vostrom
VIM License;Vim;Vim License;vim
W3C Software Notice and License (1998-07-20);W3C-19980720;W3C-SOFTWARE-19980720;w3c-software-19980720
W3C Software Notice and Document License (2015-05-13);W3C-20150513;W3C-SOFTWARE-DOC-20150513;w3c-software-doc-20150513
XFree86 1.1 License;XFree86 License 1.1;XFree86-1.1;xfree86-1.1
MIT with Export Control;Xerox;Xerox License;mit-export-control
YPL 1.0;YPL-1.0;Yahoo! Public License v1.0;ypl-1.0
YPL 1.1;YPL-1.1;Yahoo! Public License v1.1;ypl-1.1
ZPL 1.1;ZPL-1.1;Zope Public License 1.1;zpl-1.1
ZPL 2.1;ZPL-2.1;Zope Public License 2.1;zpl-2.1
Zend Engine License 2.0;Zend License v2.0;Zend-2.0;zend-2.0
ZPL 1.3;Zimbra Public License v1.3;Zimbra-1.3;zimbra-1.3
ZPL 1.4;Zimbra Public License v1.4;Zimbra-1.4;zimbra-1.4
bzip2 License 2010;bzip2 and libbzip2 License v1.0.6;bzip2-1.0.6;bzip2-libbzip-2010
eGenix;eGenix Public License 1.1.0;eGenix.com Public License 1.1.0;egenix-1.1.0
SFL License Agreement;iMatix;iMatix Standard Function Library Agreement;sfl-license
LIbpng License v2;PNG Reference Library version 2;libpng-2.0;libpng-v2
X11-Style (Tiff);libtiff;libtiff License;x11-tiff
MPICH License;mpich;mpich2;mpich2 License
Indiana Extreme License 1.2;XPP License;indiana-extreme-1.2;xpp
APL-1.0;Adaptive Public License 1.0;Adaptive Public License, Version 1.0
Artistic License 1.0;Artistic License, Version 1.0;Artistic-1.0
BSD 1-Clause License;BSD-1-Clause;bsd-1-clause
BSD 2-Clause FreeBSD License;BSD-2-Clause-FreeBSD;bsd-2-clause-freebsd
BSD 2-Clause NetBSD License;BSD-2-Clause-NetBSD;bsd-2-clause-netbsd
BSD 3-Clause No Nuclear Warranty;BSD-3-Clause-No-Nuclear-Warranty;bsd-3-clause-no-nuclear-warranty
BSD Protection License;BSD-Protection;bsd-protection
BSD Source Code Attribution;BSD-Source-Code;bsd-source-code
Beerware;Beerware 42;Beerware License
BitTorrent Open Source License 1.1;BitTorrent Open Source License v1.1;BitTorrent-1.1
CC-BY-1.0;Creative Commons Attribution 1.0 Generic;cc-by-1.0
CC-BY-2.0;Creative Commons Attribution 2.0 Generic;cc-by-2.0
CC-BY-2.5;Creative Commons Attribution 2.5 Generic;cc-by-2.5
CC-BY-3.0;Creative Commons Attribution 3.0 Unported;cc-by-3.0
CC-BY-NC-1.0;Creative Commons Attribution Non Commercial 1.0 Generic;cc-by-nc-1.0
CC-BY-NC-2.0;Creative Commons Attribution Non Commercial 2.0 Generic;cc-by-nc-2.0
CC-BY-NC-2.5;Creative Commons Attribution Non Commercial 2.5 Generic;cc-by-nc-2.5
CC-BY-NC-3.0;Creative Commons Attribution Non Commercial 3.0 Unported;cc-by-nc-3.0
CC-BY-NC-ND-1.0;Creative Commons Attribution Non Commercial No Derivatives 1.0 Generic;cc-by-nc-nd-1.0
CC-BY-NC-ND-2.0;Creative Commons Attribution Non Commercial No Derivatives 2.0 Generic;cc-by-nc-nd-2.0
CC-BY-NC-ND-2.5;Creative Commons Attribution Non Commercial No Derivatives 2.5 Generic;cc-by-nc-nd-2.5
CC-BY-NC-ND-3.0;Creative Commons Attribution Non Commercial No Derivatives 3.0 Unported;cc-by-nc-nd-3.0
CC-BY-NC-SA-1.0;Creative Commons Attribution Non Commercial Share Alike 1.0 Generic;cc-by-nc-sa-1.0
CC-BY-NC-SA-2.0;Creative Commons Attribution Non Commercial Share Alike 2.0 Generic;cc-by-nc-sa-2.0
CC-BY-NC-SA-2.5;Creative Commons Attribution Non Commercial Share Alike 2.5 Generic;cc-by-nc-sa-2.5
CC-BY-NC-SA-3.0;Creative Commons Attribution Non Commercial Share Alike 3.0 Unported;cc-by-nc-sa-3.0
CC-BY-ND-1.0;Creative Commons Attribution No Derivatives 1.0 Generic;cc-by-nd-1.0
CC-BY-ND-2.0;Creative Commons Attribution No Derivatives 2.0 Generic;cc-by-nd-2.0
CC-BY-ND-2.5;Creative Commons Attribution No Derivatives 2.5 Generic;cc-by-nd-2.5
CC-BY-ND-3.0;Creative Commons Attribution No Derivatives 3.0 Unported;cc-by-nd-3.0
CC-BY-SA-1.0;Creative Commons Attribution Share Alike 1.0 Generic;cc-by-sa-1.0
CC-BY-SA-2.0;Creative Commons Attribution Share Alike 2.0 Generic;cc-by-sa-2.0
CC-BY-SA-2.5;Creative Commons Attribution Share Alike 2.5 Generic;cc-by-sa-2.5
CC-BY-SA-3.0;Creative Commons Attribution Share Alike 3.0 Unported;cc-by-sa-3.0
CERN Open Hardware License v1.1;CERN-OHL-1.1;cern-ohl-1.1
CERN Open Hardware Licence v1.2;CERN-OHL-1.2;cern-ohl-1.2
CNRI Jython License;CNRI-Jython;cnri-jython
Caldera;Caldera License;caldera
Crossword;Crossword License;crossword
Cube;Cube License;cube
D-FSL-1.0;Deutsche Freie Software Lizenz;d-fsl-1.0-de
DSDP;DSDP License;dsdp
Dotseqn;Dotseqn License;dotseqn
EU DataGrid Software License;EUDatagrid;eu-datagrid
Eurosym;Eurosym License;eurosym
FSF All Permissive License;FSFAP;fsf-ap
GL2PS;GL2PS License;gl2ps
Glulxe;Glulxe License;glulxe
HPND;Historical Permission Notice and Disclaimer;historical
HPND-sell-variant;Historical Permission Notice and Disclaimer - sell variant;historical-sell-variant
ImageMagick;ImageMagick License;imagemagick
Imlib2;Imlib2 License;imlib2
JSON;JSON License;json
LAL-1.2;Licence Art Libre 1.2;lal-1.2
LAL-1.3;Licence Art Libre 1.3;lal-1.3
LGPLLR;Lesser General Public License For Linguistic Resources;lgpllr
Latex2e;Latex2e License;latex2e
Leptonica;Leptonica License;leptonica
LiLiQ-Rplus-1.1;Licence Libre du Québec – Réciprocité forte version 1.1;liliq-rplus-1.1
Linux Kernel Variant of OpenIB.org license;Linux-OpenIB;linux-openib
MIT-enna;enna;enna License
MTLL;Matrix Template Library License;mtll
Multics;Multics License;multics
Mup;Mup License;mup
NBPL-1.0;Net Boolean Public License v1;nbpl-1.0
NLOD-1.0;Norwegian Licence for Open Government Data;nlod-1.0
NLPL;No Limit Public License;nlpl
NRL;NRL License;nrl
Newsletr;Newsletr License;newsletr
Noweb;Noweb License;noweb
OCCT-PL;Open CASCADE Technology Public License;occt-pl
ODC-By-1.0;Open Data Commons Attribution License v1.0;odc-by-1.0
OSET Public License version 2.1;OSET-PL-2.1;oset-pl-2.1
Qhull;Qhull License;qhull
Rdisc;Rdisc License;rdisc
Ruby;Ruby License;ruby
SAX-PD;Sax Public Domain Notice;sax-pd
SMPPL;Secure Messaging Protocol Public License;smppl
SNIA;SNIA Public License 1.1;snia
Saxpath;Saxpath License;saxpath
Sendmail;Sendmail License;sendmail
Sendmail License 8.23;Sendmail-8.23;sendmail-8.23
TAPR Open Hardware License v1.0;TAPR-OHL-1.0;tapr-ohl-1.0
TCL;TCL/TK License;tcl
TCP Wrappers License;TCP-wrappers;tcp-wrappers
TMate;TMate Open Source License;tmate
Unicode Terms of Use;Unicode-TOU;unicode-tou
Wsuipa;Wsuipa License;wsuipa
XSkat;XSkat License;xskat
Zed;Zed License;zed
cURL License;curl;curl License
diffmark;diffmark License;diffmark license
gSOAP Public License v1.3b;gSOAP-1.3b;gsoap-1.3b
PS Utilities License;psutils;psutils License
ZLIB License with Acknowledgment;zlib-acknowledgement;zlib/libpng License with Acknowledgement
GPL 2.0 or later with eCos Exception;eCos-2.0;ecos
The wxWindows Library Licence;WXwindows;wxWindows Library License
GPL 2.0 or later with GCC LInking exception;GPL-2.0-with-GCC-exception;gpl-2.0-gcc
wxWindows;wxWindows Library Licence 3.1;wxwindows
Fawkes Runtime Exception to GPL 2.0 or later;Fawkes-Runtime-exception;fawkes-runtime-exception
GCC exception to GPL 3.0 or later;GCC-exception-3.1;gcc-exception-3.1
Statistics Canada Open Licence Agreement;scola-en;scola-fr
eCos Exception to GPL 2.0 or later;eCos-exception-2.0;ecos-exception-2.0
Font exception to GPL;Font-exception-2.0;font-exception-gpl
LZMA exception to CPL 1.0;LZMA-exception;lzma-cpl-exception
WxWindows Library Exception to GPL 2.0 or later;WxWindows-exception-3.1;wxwindows-exception-3.1
OGL Canada 2.0;can-ogl-2.0-en;ogl-canada-2.0-fr
Qt GPL exception 1.0;Qt-GPL-exception-1.0;qt-gpl-exception-1.0
GNU Libtool exception to GPL 2.0;Libtool-exception;libtool-exception-2.0
GPL 2.0 with font exception;GPL-2.0-with-font-exception;gpl-2.0-font
LLVM Exception to Apache 2.0;LLVM-exception;llvm-exception
OCCT-exception-1.0;Open CASCADE Exception to LGPL 2.1;occt-exception-1.0
DigiRule FOSS Exception to GPL 2.0;DigiRule-FOSS-exception;digirule-foss-exception
GPL 2.0 with classpath exception;GPL-2.0-with-classpath-exception;gpl-2.0-classpath
Classpath exception to GPL 2.0 or later;Classpath-exception-2.0;classpath-exception-2.0
JPNIC idnkit license;jpnic;jpnic-idnkit
CLISP Exception to GPL 2.0;CLISP-exception-2.0;clisp-exception-2.0
Qwt exception to LGPL 2.1;Qwt-exception-1.0;qwt-exception-1.0
Linux Syscall Exception to GPL;Linux-syscall-note;linux-syscall-exception-gpl
GPL Cooperation Commitment 1.0;GPL-CC-1.0;gplcc-1.0
OpenJDK Assembly exception to GPL 2.0;OpenJDK-assembly-exception-1.0;openjdk-assembly-exception-1.0
GPL 2.0 with Autoconf exception;GPL-2.0-with-autoconf-exception;gpl-2.0-autoconf
OCaml LGPL Linking Exception;OCaml-LGPL-linking-exception;ocaml-lgpl-linking-exception
FLTK exception to LGPL 2.0;FLTK-exception;fltk-exception-lgpl-2.0
GPL 3.0 with Autoconf exception;GPL-3.0-with-autoconf-exception;gpl-3.0-autoconf
GCC Linking exception to GPL 2.0 or later;GCC-exception-2.0;gcc-linking-exception-2.0
GPL 3.0 with GCC runtime library exception;GPL-3.0-with-GCC-exception;gpl-3.0-gcc
Qt LGPL exception 1.1;Qt-LGPL-exception-1.1;qt-lgpl-exception-1.1
Jabber Open Source License;License :: OSI Approved :: Jabber Open Source License;jabberpl
CVW;License :: OSI Approved :: MITRE Collaborative Virtual Workspace License (CVW);The MITRE Collaborative Virtual Workspace License
ADSL;Amazon Digital Services License
AFL-1.1;Academic Free License v1.1
AFL-1.2;Academic Free License v1.2
AFL-2.0;Academic Free License v2.0
AFL-2.1;Academic Free License v2.1
AGPL-1.0-only;Affero General Public License v1.0 only
AGPL-1.0-or-later;Affero General Public License v1.0 or later
AMD's plpa_map.c License;AMDPLPA
AML;Apple MIT License
AMPAS;Academy of Motion Picture Arts and Sciences BSD
ANTLR Software Rights Notice;ANTLR-PD
APAFML;Adobe Postscript AFM License
APSL-1.0;Apple Public Source License 1.0
APSL-1.1;Apple Public Source License 1.1
APSL-1.2;Apple Public Source License 1.2
Abstyles;Abstyles License
Adobe Systems Incorporated Source Code License Agreement;Adobe-2006
Adobe Glyph List License;Adobe-Glyph
Afmparse;Afmparse License
Aladdin;Aladdin Free Public License
Apache License 1.0;Apache-1.0
Artistic License 1.0 (Perl);Artistic-1.0-Perl
Artistic License 1.0 w/clause 8;Artistic-1.0-cl8
Bahyph;Bahyph License
Barr;Barr License
BitTorrent Open Source License v1.0;BitTorrent-1.0
Borceux;Borceux license
ClArtistic;Clarified Artistic License
DOC;DOC License
Giftware;Giftware License
JPNIC;Japan Network Information Center License
bzip2 and libbzip2 License v1.0.5;bzip2-1.0.5
copyleft-next 0.3.0;copyleft-next-0.3.0
copyleft-next 0.3.1;copyleft-next-0.3.1
dvipdfm;dvipdfm License
gnuplot;gnuplot License
psfrag;psfrag License
xinetd;xinetd License
LiLiQ-R+;Licence Libre du Québec – Réciprocité forte, Version 1.1
The Universal Permissive License (UPL), Version 1.0;UPL
UCL-1.0;ucl-1.0
MS ASP.NET Web Pages Templates License;ms-asp-net-web-pages-templates
HxD License;hxd
Public Domain;public-domain
Wi-Fi Alliance;wifi-alliance
SS-PL;ms-sspl
Larabie Fonts EULA;larabie
LGPL 2.1 with Qt Company Exception;lgpl-2.1-qt-company
Melange Public License;melange
Sun BCL Java Servlet Implementation 2.1.1;sun-bcl-java-servlet-imp-2.1.1
PSF Python License 3.7.2;psf-3.7.2
Sun IIOP License;sun-iiop
Nokia Qt LGPL Exception 1.1;lgpl-2.1-nokia-qt-1.1
SCRUB License;scrub
MS Office System Programs Software EULA;ms-office-system-programs-eula
Telerik EULA;telerik-eula
Carnegie Mellon Contributors;carnegie-mellon-contributors
UnboundID LDAP SDK Free Use License;ldap-sdk-free-use
Oracle Code Samples BSD-Style License;oracle-code-samples-bsd
EnergyPlus BSD-Style License;energyplus-bsd
WTFPL 1.0;wtfpl-1.0
Google Patent License for Go;google-patent-license-golang
Linking exception to AGPL 3.0;linking-exception-agpl-3.0
Oracle DevTools for Visual Studio .NET Development;oracle-devtools-vsnet-dev
GPL 2.0 with GNU IO Library exception;gpl-2.0-iolib
MS Device Emulator 3.0;ms-device-emulator-3.0
PS-or-PDF-font-exception-20170817;ps-or-pdf-font-exception-20170817
Generic CLA;generic-cla
GPL 2.0 or later with GeoServer exception;gpl-2.0-plus-geoserver
Sun EJB Specification 2.1;sun-ejb-spec-2.1
Unlimited Binary Linking Exception;unlimited-binary-linking
ilmid;ilmid License
LGPL 3.0 or later with OpenSSL exception;lgpl-3.0-plus-openssl
OpenJDK Exception;openjdk-exception
X11-Style (David R. Hanson);x11-hanson
Apple iTunes License;itunes
Paulo Soares License;paulo-soares
LGPL 3.0 or later with Cygwin exception;lgpl-3.0-cygwin
Nilsson Historical License;nilsson-historical
Intel Confidential;intel-confidential
Matthew Kwan License;matthew-kwan
Yahoo Messenger EULA;yahoo-messenger-eula
SaaS MIT License;saas-mit
Filament Group MIT License;filament-group-mit
GPL 2.0 plus Adaptec conditions;gpl-2.0-adaptec
Protobuf License;protobuf
Info-Zip License 2002-02;info-zip-2002-02
PDL-1.0;pdl-1.0
Unicode Inc License Agreement;unicode
MS Limited Public License;ms-limited-public
Philippe De Muyter License;philippe-de-muyter
Tanuki Community SLA 1.1;tanuki-community-sla-1.1
MS Entity Framework 5 License;ms-entity-framework-5
OpenSSL exception to LGPL 2.0 or later;openssl-exception-lgpl-2.0-plus
GPL 3.0 with Aptana exception;gpl-3.0-aptana
ScanCode acknowledgment;scancode-acknowledgment
X11-Style (Adobe-DEC);x11-adobe-dec
Tanuki Community SLA 1.0;tanuki-community-sla-1.0
Red Hat Trademarks License;red-hat-trademarks
LibMib License;libmib
GPL 2.0 with Dmitry Koterov additions;gpl-2.0-koterov
Supervisor License;supervisor
WTFNMFPL-1.0;wtfnmfpl-1.0
XML:DB Initiative Software License 1.0;xmldb-1.0
HP Netperf License;hp-netperf
Politepix Public License 1.0;politepix-pl-1.0
Intel Source Code License Agreement;intel-scl
San Francisco Font License;san-francisco-font
Dropbear-2016;dropbear-2016
EPO-OSL;epo-osl-2005.1
musl attribution exception;musl-exception
BSLA;bsla
ComponentAce JCraft License;componentace-jcraft
GPL 2.0 with Oracle OpenJDK classpath exception;gpl-2.0-oracle-openjdk
Splunk SLA;splunk-sla
JDOM License;jdom
OpenContent License 1.0;opl-1.0
UPX exception to GPL 2.0 or later;upx-exception-2.0-plus
Graphics Gems License;graphics-gems
Script# License;script-nikhilk
Flowplayer GPL 3.0;flowplayer-gpl-3.0
radvd;radvd License
Spark Jive License;spark-jive
Thomas Bandt License;thomas-bandt
GUST Font License 1.0;gust-font-1.0
MS JDBC Driver 4.1 for SQL Server;ms-jdbc-driver-41-sql-server
Unmodified Binary Distribution Licence;ubdl
JBoss EULA;jboss-eula
Sun JavaMail;sun-javamail
Javascript exception to GPL 2.0;javascript-exception-2.0
CPL 0.5;cpl-0.5
svndiff;svndiff License
CommonJ Timer License;commonj-timer
Info-Zip License 2001-01;info-zip-2001-01
IETF License;ietf
Sun SDK Specification 1.1;sun-sdk-spec-1.1
Intel BCL;intel-bcl
Independent Module Linking Exception;independent-module-linking-exception
Dropbear License;dropbear
ECMA Historical Code of Conduct in Patent Matters;ecma-patent-coc-0
IMAGEN License;imagen
OpenSSH License;openssh
Nortel DASA License;nortel-dasa
MS ASP.NET Software License;ms-asp-net-software
Linking exception to LGPL 2.1 or later;linking-exception-2.1-plus
MS Platform SDK License;ms-platform-sdk
JIDE SLA;jide-sla
Qt LInking Exception to GPL 2.0 or later;qt-kde-linking-exception
MediaInfo(Lib) License;mediainfo-lib
Unknown License reference;unknown-license-reference
Fabric Software and Services Agreement 2017;fabric-agreement-2017
Patent Disclaimer for OpenSSL;openssl-nokia-psk-contribution
Robert Hubley License;robert-hubley
Universal FOSS Exception v1.0;universal-foss-exception-1.0
OpenPBS 2.3;openpbs-2.3
CxImage License;cximage
RSA 1990;rsa-1990
UNIX Network Programming Book License;unpbook
Ubuntu Font Licence v1.0;ubuntu-font-1.0
IDT License Notice;idt-notice
OGL Nova Scotia 1.0;can-ogl-nova-scotia-1.0
Open Publication License 1.0;openpub
RCSL R&D 2.0;rcsl-2.0
MS-Permissive 1.1;ms-permissive-1.1
wxWindows Unrestricted Licence 3.0;wxwindows-u-3.0
Tizen SDK License;tizen-sdk
FreeBSD unmodified first lines License;freebsd-first
W3C-DOCS-19990405;w3c-docs-19990405
Douglas Young License;douglas-young
CGIC License;cgic
Intel OSL 1989;intel-osl-1989
SNMP4J-SMI License;snmp4j-smi
Ekioh License;ekioh
EPICS Open License;epics
VCalendar License;vcalendar
Vitesse Proprietary Notice;vitesse-prop
LGPL 2.1 with Digia Qt Exception;lgpl-2.1-digia-qt
Copyheart;copyheart
GPL 2.0 with GCC compiler exception;gpl-2.0-gcc-compiler-exception
Flex 2.5;flex-2.5
Zuora Software License;zuora-software
Sun BCL SDK 1.3;sun-bcl-sdk-1.3
MSNTP License;msntp
Takuya OOURA License;takuya-ooura
BSD-Simplified Intel;bsd-simplified-intel
NUnit v2 License;nunit-v2
MIT with Specification Disclaimer;mit-specification-disclaimer
Jasper 1.0;jasper-1.0
TI Broadband Applications License;ti-broadband-apps
WinZip Self-Extractor License;winzip-self-extractor
Freeware Public License (FPL);fpl
Dynamic Drive TOU;dynamic-drive-tou
Tested Software License;tested-software
Hauppauge Firmware EULA;hauppauge-firmware-eula
RTools.Util License;rtools-util
DivX Open License 1.0;divx-open-1.0
MS Supplemental License - ASP.NET 2.0 AJAX EXT;ms-asp-net-ajax-supplemental-terms
BSD-Original-UC-1990;bsd-original-uc-1990
BSD 3-Clause with GPL reference;bsd-top-gpl-addition
PfTijah Public License 1.1;pftijah-1.1
U-Boot exception to GPL 2.0;u-boot-exception-2.0
Generic Bare Warranty Disclaimer;warranty-disclaimer
Whistle Communications License;whistle
LZMA SDK 2006 Exception;lzma-sdk-2006-exception
Sun Community Source License 3.0;scsl-3.0
Open Directory License;odl
Sun BCL SDK 1.4.2;sun-bcl-sdk-1.4.2
softSurfer License;softsurfer
Oracle Commercial Database License 11g2;oracle-commercial-database-11g2
ITU-T License;itu-t
MS Silverlight 3 License;ms-silverlight-3
Qwt License 1.0 Deprecated;qwt-1.0
nexB SSLA 1.1.0;nexb-ssla-1.1.0
BSD-2-Clause no disclaimer with Unmodified requirement;bsd-no-disclaimer-unmodified
LSI Proprietary EULA;lsi-proprietary-eula
GPL 2.0 with Ice exception;gpl-2.0-ice
Fraunhofer FDK AAC Codec Library for Android;fraunhofer-fdk-aac-codec
GPL 2.0 with LMBench exception;gpl-2.0-lmbench
sRGB Profile Licensing Agreement;srgb
Oracle Web Sites TOU;oracle-web-sites-tou
US govt. Unlimited Rights;us-govt-unlimited-rights
MIT Addition License;mit-addition
MS NuGet-Based Package Manager License;ms-nuget-package-manager
Sun BCL OpenDMK;sun-bcl-opendmk
CC-BY-2.0-UK;cc-by-2.0-uk
BSD-Derivative;bsd-new-derivative
ICU License 58 and later;unicode-icu-58
OZPLB 1.0;ozplb-1.0
Collaborative Virtual Workspace License;cvwl
X11-Style (Keith Packard);x11-keith-packard
LGPL 2.0 or later with GCC exception;lgpl-2.0-plus-gcc
Compass License;compass
WS-Addressing Specification License;ws-addressing-spec
LZMA SDK Original;lzma-sdk-original
Broadcom Unpublished Source License;broadcom-unpublished-source
Synopsys MIT License;synopsys-mit
Term Readkey License;term-readkey
Zipeg License;zipeg
Naughter Software License;naughter
Softerra LDAP Browser EULA;softerra-ldap-browser-eula
Sun GlassFish License;sun-glassfish
Sencha Commercial License 1.1;sencha-commercial
Notre Dame License;notre-dame
Dennis Ferguson License;dennis-ferguson
OTN License;otn-dev-dist
GPL 2.0 or later with Subcommander exception;gpl-2.0-plus-subcommander
TRCA Open Data Licence 1.0;trca-odl-1.0
Shavlik Technologies EULA;shavlik-eula
Concursive Public License 1.0;concursive-pl-1.0
Gareth McCaughan License;gareth-mccaughan
Linux Device Drivers;linux-device-drivers
Ian Piumarta License;ian-piumarta
Kevan Stannard License;kevan-stannard
SoftFloat;softfloat
GPL 2.0 with U-Boot exception;gpl-2.0-uboot
Facebook Patent Rights 2;facebook-patent-rights-2
dmalloc;dmalloc License
Perl 1.0;perl-1.0
ECMA no patent notice;ecma-no-patent
Gregory Pietsch Liberal License;gregory-pietsch
BSD-3-Clause without notice modification;bsd-new-nomod
ParaView License 1.2;paraview-1.2
GPL 2.0 with ISO C++ Library exception;gpl-2.0-iso-cpp
Purdue BSD-Style License;purdue-bsd
JPNIC mdnkit license;jpnic-mdnkit
HP-UX 11i Java Technology Software;hp-ux-java
SMAIL GPL;smail-gpl
GPL 3.0 or later with Bison exception;gpl-3.0-bison
NIST Public Domain Notice;nist-pd
Sparky License;sparky
OGL Toronto 1.0;can-ogl-toronto-1.0
Jython License;jython
SANE exception to GPL 2.0 or later;sane-exception-2.0-plus
OKL license;okl
X11-Style (Lucent);x11-lucent
SGI GLX Public License 1.0;sgi-glx-1.0
GPL 2.0 or later with AutoOpts exception;gpl-2.0-autoopts
GPL 2.0 or GPL 3.0 with Syntext Serna exception;gpl-2.0-plus-syntext
MS Windows CE 5.0 Shared Source License;wince-50-shared-source
Vixie Cron License;vixie-cron
Modified MIT License for Public Domain software;pd-mit
FSF-MIT;fsf-mit
MS SQL Server Compact 4.0 License;ms-sql-server-compact-4.0
X11-Style (OAR);x11-oar
Carnegie Mellon License;carnegie-mellon
OpenSSL exception to GPL 2.0 or later;openssl-exception-gpl-2.0-plus
X11-Style (Open Group);x11-opengroup
TrueCrypt License 3.1;truecrypt-3.1
libcap;libcap License
MAME license;mame
O Young Jong License;o-young-jong
MS Sysinternals SLA;ms-sysinternals-sla
QLogic Firmware License;qlogic-firmware
nexB EULA for SaaS 1.1.0;nexb-eula-saas-1.1.0
Jam License;jam
University of Michigan OSL;michigan-disclaimer
NYSL 0.9982 JP;nysl-0.9982-jp
Unlimited linking exception to GPL;unlimited-linking-exception-gpl
IBM Non-Warranted Sample Code License;ibm-nwsc
Broadcom Warranty Disclaimer;broadcom-linux-timer
Tanuki Community SLA 1.3;tanuki-community-sla-1.3
OTN License 2016;otn-dev-dist-2016
IOzone License;iozone
Qt-QCA exception to GPL 2.0;qt-qca-exception-2.0
Michael Barr License;michael-barr
Commercial License;commercial-license
MS ASP.NET Web Optimization Framework;ms-asp-net-web-optimization-framework
SNMP++ License;hp-snmp-pp
JetBrains Toolbox Open Source License v3;jetbrains-toolbox-open-source-3
TGGPL 1.0;tgppl-1.0
MIT Open Group;mit-open-group
PBM Library License;libpbm
Cygnus eCos Public License 1.0;ecosrh-1.0
X11-Style (Tektronix);x11-tektronix
BSD 1988;bsd-1988
OGL Alberta 2.1;can-ogl-alberta-2.1
BSD-2-Clause no disclaimer;bsd-no-disclaimer
foobar2000;foobar2000 License
ECMA Code of Conduct in Patent Matters v1;ecma-patent-coc-1
Psytec Free Software License;psytec-freesoft
MS ILMerge License;ms-ilmerge
FreeRTOS exception to GPL 2.0;freertos-exception-2.0
DejaVu Font License;dejavu-font
InfoNode Software License 1.1;infonode-1.1
Day Specification License;day-spec
Dynarch Developer Agreement;dynarch-developer
Vuforia 2013-07-29;vuforia-2013-07-29
QuinStreet License;quin-street
Wink License;wink
Newton-King CLA;newton-king-cla
MS Control Spy 2.0;ms-control-spy-2.0
Tiger Cryptography License;tiger-crypto
W3C-DOCS-20021231;w3c-docs-20021231
MIT Xfig Variant;mit-xfig
Zhorn Stickies License;zhorn-stickies
Rute Users Tutorial and Exposition License 0.8.0;rute
Xming License;xming
Matt Gallagher Attribution License;matt-gallagher-attribution
MS TrueType Fonts EULA;ms-ttf-eula
TXL 10.5 License;txl-10.5
Indiana Extreme License 1.1.1;indiana-extreme
GPL 2.0 with OpenSSL exception;gpl-2.0-openssl
Free-Fork License;free-fork
BSD DPT;bsd-dpt
BSD Artwork;bsd-artwork
ITC EULA;itc-eula
Rogue Wave Software License;rogue-wave
Sun Entitlement JAF;sun-entitlement-jaf
MS Visual Studio 2017;ms-visual-studio-2017
Errbot exception;errbot-exception
ExamDiff License;examdiff
Henry Spencer Original Regexp License;hs-regexp-orig
Digia Qt Exception to LGPL 2.1;digia-qt-exception-lgpl-2.1
CUPS License;cups
Jason Mayes License;jason-mayes
CMR License;cmr-no
gSOAP Public License v1.3a;gsoap-1.3a
mod-dav-1.0;mod_dav License 1.0
ODC-By;odc-1.0
Stanford PVRG License;stanford-pvrg
GPL 2.0 or later with Open Motif exception;gpl-2.0-plus-openmotif
Crashlytics Agreement 2018;crashlytics-agreement-2018
MS ASP.NET MVC 4 Extensions;ms-asp-net-mvc4-extensions
Linking exception to LGPL 3.0;linking-exception-lgpl-3.0
Sun BCL 11 plus 6;sun-bcl-11-06
Dante Treglia License;dante-treglia
snprintf;snprintf License
Redis Source Available License 1.0;redis-source-available-1.0
NICTA Public Software Licence 1.0;nicta-psl
OpenSSL exception to MongoDB SSPL;openssl-exception-mongodb-sspl
linuxhowtos;linuxhowtos License
HP JRE License;hp-ux-jre
Info-Zip License 2009-01;info-zip-2009-01
Google TOS 2013;google-tos-2013
LGPL 2.0 with Mini-XML exception;mini-xml
Sun Entitlement 3 plus 15;sun-entitlement-03-15
MS Windows SDK Server 2008 .NET Framework 3.5;ms-windows-sdk-server-2008-net-3.5
PHP License 2.0.2;php-2.0.2
Keith Rule License;keith-rule
SLF4J License 2005;slf4j-2005
CC-PD;cc-pd
Fabien Tassin License;fabien-tassin
Tenable Nessus License;tenable-nessus
MS Reactive Extensions EULA;ms-reactive-extensions-eula
NVIDIA License with Government Qualifications;nvidia-gov
Sun Java Web Services Developer Pack 1.6;sun-java-web-services-dev-pack-1.6
X11-Style (Adobe);x11-adobe
Stu Nicholls License;stu-nicholls
Other Copyleft Licenses;other-copyleft
xxd;xxd License
Elastic License 2018;elastic-license-2018
GPL 2.0 with MySQL Connector ODBC exception;gpl-2.0-mysql-connector-odbc
Initial Developer Public License;initial-developer-public
Timestamp Picker License;timestamp-picker
X11-Style (FSF);x11-fsf
LinuxBIOS License;linuxbios
LGPL 2.1 with Nokia Qt Exception;lgpl-2.1-nokia-qt
Cavium malloc License;cavium-malloc
Gary S. Brown License;gary-s-brown
MX4J License 1.0;mx4j
BSD Intel License;bsd-intel
Sun BCL SDK 5.0;sun-bcl-sdk-5.0
GPL 2.0 or later with Linking exception;gpl-2.0-plus-linking
GPL 2.0 with MySQL FLOSS exception;gpl-2.0-mysql-floss
ISO 8879;iso-8879
MS WS Routing Specifications License;ms-ws-routing-spec
JSON-PD;json-pd
Cryptographic keys redistribution;crypto-keys-redistribution
MIT With Modification Obligations;mit-with-modification-obligations
FreeBSD Doc License;freebsd-doc
Common Cure Rights Commitment v1.0;ccrc-1.0
MS .NET Library License;ms-net-library
PDF Creator Pilot License Agreement;pdf-creator-pilot
JA-SiG License;ja-sig
Stax License;stax
GPL 2.0 or later with SANE exception;gpl-2.0-plus-sane
Jetty License;jetty
Red Hat EULA;rh-eula
ZIPList5 Geocode End-User Workstation License;ziplist5-geocode-end-user-workstation
BugSense SDK License;bugsense-sdk
TI Restricted Use License;ti-restricted
ECMA Code of Conduct in Patent Matters v2;ecma-patent-coc-2
SmartLabs Freeware License;smartlabs-freeware
Phil Bunce License;phil-bunce
TreeView Developer License;treeview-developer
Service Availability Forum License;saf
GPL 2.0 with Kernel Exception;gpl-2.0-kernel
NAnt exception to GPL 2.0 or later;nant-exception-2.0-plus
LLGPL;llgpl
UnRar License;unrar
Sun Communications API;sun-communications-api
Unicode - Data Files and Software;unicode-data-software
BSD-Axis;bsd-axis
MS Enterprise Library EULA;microsoft-enterprise-library-eula
Wordnet License;wordnet
Kerberos License;kerberos
GPL 2.0 with Independent Module Linking exception;gpl-2.0-independent-module-linking
Paul Mackerras Simplified License;paul-mackerras-simplified
WIDE License;wide-license
Intel MCU path license 2018;intel-mcu-2018
PyCrypto License;pycrypto
MS Windows Rally Development Kit License;microsoft-windows-rally-devkit
GPL 2.0 with Javascript exception;gpl-2.0-javascript
ITU License;itu
OpenVPN-AS EULA;openvpn-as-eula
HP Non-Commercial License;hp
MS Reference License;ms-refl
Broadcom Confidential;broadcom-confidential
NetComponents License;netcomponents
X11-Style (Silicon Graphics);x11-sg
MIT Nagy Variant;mit-nagy
Facebook Nuclide Software License;facebook-nuclide
OTN Developer License for JAVA EE SDK;oracle-java-ee-sdk-2010
X11-Style (DSC Technologies);x11-dsc
MS Visual C++ 2008 Runtime Libraries License;ms-visual-2008-runtime
VeriSign License;verisign
Mozilla GC License;mozilla-gc
Excelsior JET Runtime License;excelsior-jet-runtime
Oracle BCL for Java SE and JavaFX 2013 Restricted;oracle-bcl-javase-platform-javafx-2013
Oracle BCL for Java SE and JavaFX 2017 Restricted;oracle-bcl-javase-platform-javafx-2017
LGPL 2.1 or later with Spell-Checker exception;lgpl-2.1-spell-checker
W3C Documentation License;w3c-documentation
Netcat License;netcat
CMU Computing Services License;cmu-computing-services
Jabber 1.0;josl-1.0
Ekiga exception to GPL 2.0 or later;ekiga-exception-2.0-plus
ZPL 1.0;zpl-1.0
Intel Microcode License;intel-microcode
Peter Deutsch Document License;peter-deutsch-document
H2 1.0;h2-1.0
Adobe Flex 2.0.1 SDK EULA;flex2sdk
Sun BSD-Style with Additional Restrictions;sun-bsd-extra
X11-Style (DEC 2);x11-dec2
libgeoTiff License;libgeotiff
Genivia Proprietary;genivia-gsoap
Sun JTA Specification License 1.0.1B;sun-jta-spec-1.0.1B
GUILE exception to GPL 2.0;guile-exception-2.0
eGrappler License;egrappler
TreeView Distributor License;treeview-distributor
C/Migemo License;cmigemo
OTN License 2014;otn-dev-dist-2014
Splunk EULA for Third-Party Content;splunk-3pp-eula
WTHPL 1.0;wthpl-1.0
McAfee Free License;mcafee-tou
Subcommander exception to GPL 2.0 or later;subcommander-exception-2.0-plus
Karl Peterson License;karl-peterson
FancyZoom License;fancyzoom
DivX Open License 2.1;divx-open-2.1
Paolo Messina 2000;paolo-messina-2000
Genode exception to AGPL 3.0;genode-agpl-3.0-exception
MPEG SSG License;mpeg-ssg
wxWindows Restricted Licence 3.0;wxwindows-r-3.0
Broadcom WICED SDK License;broadcom-wiced
Mini-XML exception to LGPL 2.0;mini-xml-exception-lgpl-2.0
X11-Style (DEC 1);x11-dec1
X11-R5 Authors;x11r5-authors
dhtmlab Public License;dhtmlab-public
LGPL 2.1 with Qt Company Exception 2017;lgpl-2.1-qt-company-2017
QCA Technology License;qca-technology
Original SSLeay License with Windows Clause;ssleay-windows
Dynarch Linkware Agreement;dynarch-linkware
Java App Stub License;java-app-stub
Doug Lea License;doug-lea
IBM DHCP License;ibm-dhcp
GoAhead License;goahead
Sun No High Risk Activities License;sun-no-high-risk-activities
SlySoft EULA;slysoft-eula
Kevlin Henney License;kevlin-henney
ISO Recorder License;iso-recorder
Sun BCL 11 plus 7;sun-bcl-11-07
Unpublished Source License;unpublished-source
GPL 2.0 or later with OpenSSL exception;gpl-2.0-plus-openssl
GCC compiler exception to GPL 2.0;gcc-compiler-exception-2.0
MS Nuget;ms-nuget
Business Source License 1.1;bsl-1.1
Sun RPC License;sun-rpc
Visual Numerics License;visual-numerics
Google Analytics Terms of Service 2015;google-analytics-tos-2015
Vicomsoft Software License;vicomsoft-software
OCSL 1.0;ocsl-1.0
OGC Software Notice;ogc
Logica OSL 1.0;logica-1.0
Intel BSD License;intel-bsd
TTF2PT1 Project License;ttf2pt1
EllisLab License;ellis-lab
BSD-Credit;bsd-credit
Strongswan exception to GPL;strongswan-exception
StateWizard License;statewizard
Bruno Podetti License;bruno-podetti
Cygwin exception to GPL 3.0 or later;cygwin-exception-3.0
Sun BCL JavaHelp;sun-bcl-javahelp
Generic patent disclaimer;patent-disclaimer
X11-Style (Bitstream Charter);x11-bitstream
BSD-Modified tcpdump variant;bsd-new-tcpdump
OWFa 1.0;owfa-1.0
GNU IO Library exception to GPL 2.0;iolib-exception-2.0
MS SQL Server Data Tools License;ms-sql-server-data-tools
Philips Proprietary Notice 2000;philips-proprietary-notice-2000
OpenSAML License v1;opensaml-1.0
X11-Style (Realmode);x11-realmode
Oasis WS Security Specification License;oasis-ws-security-spec
GDCL License;gdcl
PCRE License;pcre
Synopsys Attribution License;synopsys-attribution
RXTX exception to LGPL 2.1;rxtx-exception-lgpl-2.1
German Free Software License;d-fsl-1.0-en
GPL 3.0 or later with Cygwin exception;gpl-3.0-cygwin
Kalle Kaukonen License;kalle-kaukonen
scanlogd License;scanlogd-license
Motorola Microprocessor License;motorola
EMIT License;emit
Sun proprietary notice for Java sources;sun-proprietary-jdk
RSA Cryptoki License;rsa-cryptoki
GPL 2.0 with DjVu Patent Grant;gpl-2.0-djvu
LMBench exception to GPL 2.0;lmbench-exception-2.0
BSD-3-Clause X11 disclaimer;bsd-x11
BSD-Original-UC-1986;bsd-original-uc-1986
MS MSN WebGrease License;ms-msn-webgrease
Broadcom Proprietary;broadcom-proprietary
University of British Columbia License;ubc
BYTEmark License;bytemark
Chris Stoy Attribution License;chris-stoy
Greg Roelofs License;greg-roelofs
X11-R5;x11-x11r5
Linum Software License;linum
OpenSSL exception to GPL 3.0 or later;openssl-exception-gpl-3.0-plus
Infineon Free Software License;infineon-free
Wrox Download Terms and Conditions;wrox-download
HP Software EULA;hp-software-eula
CognitiveWeb Open Source License 1.1;cognitive-web-osl-1.1
Khronos License;khronos
DAMAIL;damail
NVIDIA License;nvidia
JSON-js-PD;json-js-pd
CodeGuru Permissions;codeguru-permissions
Lyubinskiy popup-window License;lyubinskiy-popup-window
Oracle BCL for Java SE and JavaFX 2013;oracle-bcl-javase-javafx-2013
X11 Documentation License;x11-doc
Script Asylum License;script-asylum
GNU JavaMail exception to GPL 2.0 or later;gnu-javamail-exception
Python CWI License;python-cwi
Commons Clause;commons-clause
Debian reportbug License;reportbug
Scribbles Demos Recognizer Notice;scribbles
Yahoo BrowserPlus EULA;yahoo-browserplus-eula
ICU Composite License;ibm-icu
ZeroMQ exception to LGPL 3.0;zeromq-exception-lgpl-3.0
Maxmind Open Data License;maxmind-odl
Info-Zip License 2004-05;info-zip-2004-05
OpenVPN OpenSSL Exception to GPL;openvpn-openssl-exception
OpenJDK Classpath exception to GPL 2.0;openjdk-classpath-exception-2.0
Sencha GPL 3.0 Exception for Applications;sencha-app-floss-exception
MS Limited Community License;ms-limited-community
JSR-107 JCache Specification License;jsr-107-jcache-spec
Phorum License 2.0;phorum-2.0
MS Windows Server 2003 SP1 Platform SDK License;ms-windows-server-2003-sdk
Sun BCL J2RE 1.4.2;sun-bcl-j2re-1.4.2
ProGuard exception to GPL 2.0;proguard-exception-2.0
XFree86 License 1.0;xfree86-1.0
ZIPList5 Geocode End-User Enterprise License;ziplist5-geocode-end-user-enterprise
libwebsockets exception to LGPL 2.1;libwebsockets-exception
Sun BCL J2RE 5.0;sun-bcl-j2re-5.0
vbAccelerator Distribution Notice;vbaccelerator
SLF4J License 2008;slf4j-2008
Facebook Software License;facebook-software-license
Sun Project X;sun-project-x
Zveno Research License;zveno-research
BSD-Original MUSCLE;bsd-original-muscle
JRunner License;jrunner
FAL 1.3;free-art-1.3
VNCViewer iOS EULA;vnc-viewer-ios
Planet Source Code License;planet-source-code
Helix DNA License;helix
Trolltech GPL Exception 1.2;trolltech-gpl-exception-1.2
IBM Sample License;ibm-sample
MPEG-7 License;mpeg-7
PFE Proprietary Notice;pfe-proprietary-notice
Yensdesign License;yensdesign
BSD plus modification notice;bsd-plus-mod-notice
Vic Metcalfe Public Domain;vic-metcalfe-pd
Intel Royalty Free License;intel-royalty-free
Sun Java Transaction API License;sun-java-transaction-api
GPL 2.0 with Broadcom Linking Exception;gpl-2.0-broadcom-linking
Proprietary;proprietary
GPL 3.0h with OpenBD exception;gpl-3.0-openbd
MySQL FLOSS exception to GPL 2.0;mysql-floss-exception-2.0
See License mention;see-license
CRAPL v0 BETA 1;crapl-0.1
Qualcomm ISO/IEC MPEG-B DASH License;qualcomm-iso
TeX Live License;tex-live
GPL 3.0 or later with OpenSSL exception;gpl-3.0-plus-openssl
Sun JTA Specification License 1.0.1;sun-jta-spec-1.0.1
unknown SPDX;unknown-spdx
Intel OSL 1993;intel-osl-1993
Cygwin exception to GPL 2.0;cygwin-exception-2.0
MakeHuman License;make-human-exception
JetBrains Purchase Terms;jetbrains-purchase-terms
OSSN-3.0;ossn-3.0
OSGi Specification License 2.0;osgi-spec-2.0
NYSL 0.9982;nysl-0.9982
Jscheme License;jscheme
JSFromHell License;jsfromhell
Tatu Ylonen License;tatu-ylonen
httpget;httpget notice and disclaimer
compuphase Linking Exception to Apache 2.0;compuphase-linking-exception
Couchbase Enterprise Edition License;couchbase-enterprise
Oracle OpenJDK classpath exception to GPL 2.0;oracle-openjdk-classpath-exception-2.0
GPL 2.0 with RRDtool FLOSS Exception;gpl-2.0-rrdtool-floss
Intel Master EULA for SW Dev 2016;intel-master-eula-sw-dev-2016
OTN Early Adopter Development License;otn-early-adopter-development
LGPL 2.0 with FLTK exception;lgpl-2.0-fltk
ej-technologies EULA;ej-technologies-eula
MS Windows SDK Windows7 .NET Framework 4;ms-windows-sdk-win7-net-4
Unlimited linking exception to LGPL;unlimited-linking-exception-lgpl
OpenMap Software License Agreement;openmap
INRIA Linking Exception to QPL 1.0;inria-linking-exception
Google Patent License for WebM;google-patent-license-webm
Red Hat Attribution License;red-hat-attribution
Rackspace License;rackspace
BSD-Mylex;bsd-mylex
BSD Acknowledgment (Carrot2) License;bsd-ack-carrot2
MS Patent Promise for .NET;ms-patent-promise
GPL 2.0 with ProGuard exception;gpl-2.0-proguard
Sun BCL 11 plus 8;sun-bcl-11-08
MS EULA for Windows Script Host;ms-eula-win-script-host
RSA Proprietary;rsa-proprietary
Red Hat BSD-Simplified;red-hat-bsd-simplified
GPL 2.0 or later with NAnt exception;gpl-2.0-plus-nant
TripTracker License;triptracker
wxWidgets Licence;wxwidgets
IBM developerWorks Community Download Agreement;ibm-developerworks-community-download
DCO 1.1;dco-1.1
GPL 3.0 or later with font exception;gpl-3.0-font
Xilinx License 2016;xilinx-2016
FastCGI License for Spec Implementation;openmarket-fastcgi
MS Supplemental License - .NET Framework 4;ms-net-framework-4-supplemental-terms
ZIPList5 Geocode Duplication Addendum;ziplist5-geocode-duplication-addendum
BSD-2-Clause-plus-advertizing;bsd-2-clause-plus-advertizing
CC-LGPL-2.1-PT;cc-lgpl-2.1-pt
GPL-Elib;elib-gpl
GPL 2.0 with GLibC exception;gpl-2.0-glibc
QLogic Microcode;qlogic-microcode
Theodore Ts'o license;tso-license
Numerical Recipes Notice;numerical-recipes-notice
MS-LPL;ms-lpl
Oracle Master Agreement (OMA);oracle-master-agreement
Oracle BCL for JavaSE and JavaFX 2012;oracle-bcl-javase-javafx-2012
TeX exception to GPL 3.0;tex-exception
Ryszard Szopa License;ryszard-szopa
Stanford mrouted License;stanford-mrouted
Niels Ferguson License;niels-ferguson
VS10x Code Map;vs10x-code-map
CC-BY-NC-ND-2.0-AT;cc-by-nc-nd-2.0-at
Paint.NET License;paint-net
Syntext Serna exception to GPL 2.0 or GPL 3.0;syntext-serna-exception-1.0
PyGres License 2.2;pygres-2.2
NRL permission;nrl-permission
Waterfall Feed Parser License;waterfall-feed-parser
Google Patent License for Fuschia;google-patent-license-fuschia
Sun BCL SDK 6.0;sun-bcl-sdk-6.0
FreeTTS License;freetts
O'Reilly Code Sample Notice;oreilly-notice
Trademark Notice;trademark-notice
Matt Kruse License;mattkruse
Linking exception to LGPL 2.0 or later;linking-exception-lgpl-2.0-plus
Wind River License;windriver-commercial
GPL 2.0 with Cygwin exception;gpl-2.0-cygwin
BSD-Simplified source;bsd-simplified-source
LGPL 3.0 with ZeroMQ exception;lgpl-3.0-zeromq
GPL 2.0 with libgit2 exception;gpl-2.0-libgit2
Broadcom Linking Exception if unmodified;broadcom-linking-unmodified
MS ASP.NET MVC4;ms-asp-net-mvc4
GUST Font License 2006-09-30;gust-font-2006-09-30
jQuery-Tools-PD;jquery-pd
WS-Policy Specification;ws-policy-specification
MS Reference Source License;ms-rsl
Isotope Commercial License Agreement;isotope-cla
MadWifi Dual BSD-GPL;madwifi-dual
Open Motif exception to GPL 2.0 or later;openmotif-exception-2.0-plus
OGL Ontario 1.0;can-ogl-ontario-1.0
Intel Code Samples License;intel-code-samples
Broadcom Dual GPL-Commercial;broadcom-dual
FPLOT LIcense;fplot
GLUT License;glut
Lil License v1;lil-1
GPL 2.0 or later with Bison 2.2 exception;gpl-2.0-bison-2.2
STLport License 2000;stlport-2000
Red Hat EULA JBoss Enterprise Middleware License;rh-eula-lgpl
IBPP License;ibpp
Westhawk License;westhawk
Google Analytics Terms of Service 2016;google-analytics-tos-2016
X11-Style (Quarterdeck);x11-quarterdeck
JJ2000 License;jj2000
Broadcom Linking Exception to GPL 2.0;broadcom-linking-exception-2.0
JGraph General License;jgraph-general
Splunk MINT TOS 2018;splunk-mint-tos-2018
Manfred Klein Fonts TOS;manfred-klein-fonts-tos
Cloudera Express License;cloudera-express
D Zlib;d-zlib
CMU MIT-style;cmu-mit
Google Patent License;google-patent-license
OZPLB 1.1;ozplb-1.1
CC-PD Mark 1.0;cc-pdm-1.0
OWTChart License;owtchart
MIT Synopsys License;mit-synopsys
GPL 2.0 with Fedora Red Hat Exception;gpl-2.0-redhat
WinZip EULA;winzip-eula
Info-Zip License 1997-10;info-zip-1997-10
LGPL 2.1 or later with Linking exception;lgpl-2.1-plus-linking
Tigra Calendar 4.0 License;tigra-calendar-4.0
Oracle Entitlement 5 plus 15;oracle-entitlement-05-15
GPL 2.0 with bison exception;gpl-2.0-bison
ZeusBench notice;zeusbench
MS NT Resource Kit License;ms-nt-resource-kit
VPL 1.1;vpl-1.1
bzip2 License;bzip2-libbzip-1.0.5
Unicode Mappings License;unicode-mappings
UURF Public License;uofu-rfpl
Classworlds License;classworlds
MS ASP.NET Tools Pre-Release License;ms-asp-net-tools-pre-release
BSD-Top;bsd-top
Service Component Architecture;service-comp-arch
Cubiware Software License 1.0;cubiware-software-1.0
Zapatec Calendar License;zapatec-calendar
Sglib License;sglib
STREAM Benchmark License;stream-benchmark
MS ASP.NET MVC3;ms-asp-net-mvc3
MS Visual C++ 2010 Runtime Libraries License;ms-visual-2010-runtime
HP Enterprise EULA;hp-enterprise-eula
MS Remote NDIS USB Kit EULA;ms-remote-ndis-usb-kit
LZMA SDK Public Domain;lzma-sdk-pd
MySQL Connector ODBC exception to GPL 2.0;mysql-connector-odbc-exception-2.0
Linotype EULA;linotype-eula
Cavium Targeted Hardware License;cavium-targeted-hardware
FreeBSD Boot;freebsd-boot
TeamDev Services License;teamdev-services
Docbook License;docbook
Libtool Exception;libtool-exception
SunPro Attribution License;sunpro
Open Group Public License;open-group
Broadcom Standard Terms;broadcom-standard-terms
Codexia License;codexia
OCLC Research Public License 1.0;oclc-1.0
Lyubinskiy dropdown License;lyubinskiy-dropdown
OGL British Columbia 2.0;can-ogl-british-columbia-2.0
MPEG-2 NBC MPEG-4 Audio ISO;mpeg-iso
C-FSL 1.1;c-fsl-1.1
HDF4 License;hdf4
ChartDirector 6.0 License Agreement;chartdirector-6.0
QAPlug License;qaplug
Paul Mackerras Binary License;paul-mackerras-binary
William Alexander License;william-alexander
MS Research Shared Source License;ms-research-shared-source
OpenNETCF Shared Source License;opennetcf-shared-source
MS Developer Services Agreement;ms-developer-services-agreement
Newran License;newran
GPL 2.0 or later with Ada exception;gpl-2.0-plus-ada
Quirksmode Copyright Notice;quirksmode
Oracle BCL for Java EE Technologies;oracle-bcl-javaee
BSD Simplified Darwin;bsd-simplified-darwin
OSF 1990 License;osf-1990
Marvell Firmware License;marvell-firmware
GPL 2.0 with OpenJDK Classpath exception;gpl-2.0-openjdk
Apple Squeak License;squeak
STLport License 4.5;stlport-4.5
ECMA Documentation License;ecma-documentation
Dtree License;dtree
TwistedSNMP License;twisted-snmp
Oracle MySQL FOSS exception to GPL 2.0;oracle-mysql-foss-exception-2.0
Paul Mackerras License;paul-mackerras
GStreamer exception to GPL 2.0 or later;gstreamer-exception-2.0
Spell-Checker exception to LGPL 2.1 or later;spell-checker-exception-lgpl-2.1-plus
IETF Trust License;ietf-trust
Qualcomm Turing License;qualcomm-turing
New Relic License;new-relic
Info-Zip License 2007-03;info-zip-2007-03
Nokia Qt LGPL Exception 1.0;lgpl-2.1-nokia-qt-1.0
Sun BCL J2RE 1.2.X;sun-bcl-j2re-1.2.x
DPL-1.1;dpl-1.1
Flora License v1.1;flora-1.1
HACOS 1.2;hacos-1.2
Riverbank SIP License;riverbank-sip
Opera Widget License 1.0;opera-widget-1.0
VPL 1.2;vpl-1.2
X11-R7.5;x11-r75
MS Exchange Server 2010 SP2 Web Services SDK;ms-exchange-server-2010-sp2-sdk
MS Systems Journal Sample Code License;msj-sample-code
LGPL 3.0 or later with Linking exception;lgpl-3-plus-linking
OpenORB Community License 1.0;openorb-1.0
Crypto++ License;cryptopp
Sun BCL Web Start;sun-bcl-web-start
First Works Appreciative License 1.2;first-works-appreciative-1.2
NTLM License;ntlm
Tidy License;tidy
HIDAPI License;hidapi
BSD-InnoSys;bsd-innosys
Oracle BCL for JSSE 1.0.3 for CDC 1.0.2;oracle-bcl-jsse-1.0.3
CSPRNG;csprng
WS-Trust Specification;ws-trust-specification
Dual BSD-GPL;dual-bsd-gpl
Christopher Velazquez License;christopher-velazquez
Tigra Calendar 3.2 License;tigra-calendar-3.2
Pivotal Software Terms of Use;pivotal-tou
EMX Library License;emx-library
JAMon License;jamon
Metrolink 1.0;metrolink-1.0
SafeCopy EULA;safecopy-eula
RSA-MD4 License;rsa-md4
ISO 14496-10;iso-14496-10
SWIG Library License;swig
IBM AS-IS License;ibm-as-is
LavanTech License;lavantech
HERE Proprietary;here-proprietary
Cougaar Open Source License;cosl
Opera Web Applications License 1.0;owal-1.0
BSD-1-Clause Build;bsd-1-clause-build
Commercial Option;commercial-option
Sun Solaris Source Code License 1.1;sun-ssscfr-1.1
Sun BCL JIMI SDK;sun-bcl-jimi-sdk
Esri License;esri
Cygwin exception to LGPL 3.0 or later;cygwin-exception-lgpl-3.0-plus
freetype patent grant;freetype-patent
LZMA SDK 2008;lzma-sdk-2008
Sun Proprietary Non-Commercial License;sun-prop-non-commercial
Inner Net 2.0;inner-net-2.0
Open Diameter License;open-diameter
CppCoreGuidelines License;cpp-core-guidelines
Sun BCL JSMQ;sun-bcl-jsmq
Helios;helios-eula
Classic VB License;classic-vb
Minpack Copyright Notice;minpack
PngSuite License;pngsuite
MS Windows Server 2003 DDK License;ms-windows-server-2003-ddk
Public Domain Disclaimer;public-domain-disclaimer
Microsoft CAPICOM License;ms-capicom
MS Invisible Computing EULA 1.0;ms-invisible-eula-1.0
Mike95 License;mike95
Qt Commercial License v1.1;qt-commercial-1.1
MIT Old Style;mit-old-style
Sun JSR Specification 04-2006;sun-jsr-spec-04-2006
LLNL;llnl
BSD 3-Clause No Change;bsd-3-clause-no-change
Kumar Robotics License;kumar-robotics
GPL 2.0 with GUILE exception;gpl-2.0-guile
Careware;careware
Couchbase Community Edition License;couchbase-community
DWTFNMFPL-3.0;dwtfnmfpl-3.0
GPL 2.0 with FreeRTOS exception;gpl-2.0-freertos
Sun BCL OpenJDK;sun-bcl-openjdk
SoftFloat Prominent;softfloat-2.0
MS JDBC Driver 4.0 for SQL Server;ms-jdbc-driver-40-sql-server
DbCL 1.0;dbcl-1.0
Pine License;pine
LGPL 2.1 or later with Unlimited linking exception;lgpl-2.1-plus-unlimited-linking
Sencha Software License Agreement 3.9;sencha-commercial-3.9
HDPARM License;hdparm
Intel Limited Patent License;intel
Mulle Kybernetik License;mulle-kybernetik
GPL 2.0 with Qt-QCA exception;gpl-2.0-qt-qca
Martin Bergmeier License;martin-birgmeier
CCL;cockroach
CC-BY-NC-ND-2.0-AU;cc-by-nc-nd-2.0-au
MS-CL;ms-cl
Info-Zip License 2003-05;info-zip-2003-05
Sun Industry Standards Source License 1.0;sun-sissl-1.0
RRDtool FLOSS Exception to GPL 2.0;rrdtool-floss-exception-2.0
FTDI License;ftdi
GeoServer exception to GPL 2.0 or later;geoserver-exception-2.0-plus
Bigelow & Holmes Luxi fonts license;luxi
JCSL 1.3.1;jahia-1.3.1
MS ASP.NET Web Pages 2 License;ms-asp-net-web-pages-2
SBIA Part B;sbia-b
BSD Unchanged;bsd-unchanged
X11-Style (OpenGL);x11-opengl
LumiSoft Mail Server License;lumisoft-mail-server
SGI CID Font Code Public License 1.0;sgi-cid-1.0
Qt Company Exception to LGPL 2.1;qt-company-exception-lgpl-2.1
Google Analytics Terms of Service;google-analytics-tos
GPL 2.0 or later with UPX exception;gpl-2.0-plus-upx
Sencha Software License Agreement v3.17;sencha-commercial-3.17
Mozilla Open Software Patent License 1.0;mozilla-ospl-1.0
ScanSoft Public License 1.2;scansoft-1.2
FreeMarker License;freemarker
Duplicate Network Time Protocol License;network-time-protocol
CMU Simple License;cmu-simple
OSET 2.1;osetpl-2.1
Delorie Historical License;delorie-historical
GPL 2.0 with GNU Libtool exception;gpl-2.0-libtool
Macros and Inline Functions Exception to GPL 2.0;mif-exception
Other Permissive Licenses;other-permissive
Brocade Firmware License;brocade-firmware
Sun EJB Specification 3.0;sun-ejb-spec-3.0
MongoDB SSPL 1.0;mongodb-sspl-1.0
Oswego Concurrent License;oswego-concurrent
libzip;libzip License
W3C-SOFTWARE-20021231;w3c-software-20021231
Madwifi License;bsd-no-mod
Sandeep License;sandeep
RSA Demo License;rsa-demo
Sash Notice;sash
Ian Kaplan License;ian-kaplan
Chris Maunder License;chris-maunder
MIT Modern Variant;mit-modern
MS Web Developer Tools 1.0;ms-web-developer-tools-1.0
Colt License Agreement;colt
BSD-Export;bsd-export
OpenSSL exception to AGPL 3.0;openssl-exception-agpl-3.0
Broadleaf Fair Use License Agreement v1.0;broadleaf-fair-use
Google Patent License for WebRTC;google-patent-license-webrtc
Things I Made (TIM) Public License;things-i-made-public-license
Prosperity Public License 1.0.1;prosperity-1.0.1
Confluent Community License 1.0;confluent-community-1.0
Sun BCL J2RE 1.4.X;sun-bcl-j2re-1.4.x
PD'Programming License;pd-programming
SimPL 1.1;simpl-1.1
Paul Mackerras New License;paul-mackerras-new
Nokia Qt Exception to LGPL 2.1;nokia-qt-exception-1.1
OpenSSL exception to GPL 2.0;openssl-exception-gpl-2.0
MS .NET Framework Redistributable EULA;ms-net-framework-deployment
JPython 1.1;jpython-1.1
Mentalis License;mentalis
MIT no advertising with Export Control;mit-no-advert-export-control
libmng License 2007;libmng-2007
Original SSLeay License;ssleay
Nonexclusive License;nonexclusive
MS Visual Studio 2015 SDK;ms-visual-2015-sdk
RAR and WinRAR EULA;rar-winrar-eula
Hauppauge Firmware OEM License;hauppauge-firmware-oem
Wrox Press License;wrox
Repoze License;repoze
BSD-Axis without modification;bsd-axis-nomod
Tanuki Community SLA 1.2;tanuki-community-sla-1.2
Nero EULA;nero-eula
Sun BCL JRE 6;sun-bcl-jre6
MSPPL;msppl
IBM JRE License;ibm-jre
BSD-3-Clause with Far Manager exception;bsd-new-far-manager
MS JDBC Driver 6.0 for SQL Server;ms-jdbc-driver-60-sql-server
JGraph License;jgraph
Ice exception to GPL 2.0;ice-exception-2.0
Sencha GPL 3.0 Exception for Development;sencha-dev-floss-exception
Fraunhofer ISO 14496-10 License;fraunhofer-iso-14496-10
LGPL 2.1 with RXTX exception;lgpl-2.1-rxtx
Obsolete Font License 1.0;unbuntu-font-1.0
com-oreilly-servlet;com.oreilly.servlet License
MgOpen Font License;mgopen-font-license
Digia Qt Preview Agreement 2.4;digia-qt-preview
Linking exception to GPL 2.0 or later;linking-exception-2.0-plus
LCS-Telegraphics License;lcs-telegraphics
Digia Qt Commercial;digia-qt-commercial
MS .NET Library License 2018-11;ms-net-library-2018-11
Netron Project License;netron
Enhydra 1.1;enhydra-1.1
Ralink Firmware License;ralink-firmware
GPL 2.0 with Library exception;gpl-2.0-library
MS Entity Framework 4.1 License;ms-entity-framework-4.1
Intel Material License;intel-material
GPL 2.0 with Oracle MySQL FOSS exception;gpl-2.0-oracle-mysql-foss
STMicroelectronics CentralLabs License;stmicroelectronics-centrallabs
MS Windows Identity Foundation License;ms-windows-identity-foundation
GPL 2.0 or later with GCC exception;gpl-2.0-plus-gcc
Qt Company Exception to LGPL 2.1 2017;qt-company-exception-2017-lgpl-2.1
NTP Origin License;ntpl-origin
BSD 3-Clause Sun;bsd-3-clause-sun
MS Visual Studio Code License;ms-visual-studio-code
Clause 6 Exception to LGPL 2.1;clause-6-exception-lgpl-2.1
GPL 2.0 or later with Ekiga exception;gpl-2.0-plus-ekiga
RSA-MD2 License;rsa-md2
CC-GPL-2.0-PT;cc-gpl-2.0-pt
TPL 1.0;tpl-1.0
Esri Developer Kit License;esri-devkit
Newlib Historical License;newlib-historical
OpenSSL exception to LGPL 3.0 or later;openssl-exception-lgpl-3.0-plus
wingo;wingo License
CSLA License;csla
Free unknown;free-unknown
MonetDB 1.1;monetdb-1.1
Java Research License 1.5;java-research-1.5
i2p GPL plus Java Exception;i2p-gpl-java-exception
MIT License 1998;mit-license-1998
MS Windows Driver Kit License;ms-windows-driver-kit
JPRS OSCL 1.1;jprs-oscl-1.1
Inno Setup License;inno-setup
Dr John Maddock License;dr-john-maddock
Paul Hsieh Exposition License;paul-hsieh-exposition
Node License;node-js
LILO License;lilo
Intel Firmware License;intel-firmware
Oracle SQL Developer License Terms;oracle-sql-developer
Shital Shah License;shital-shah
RCSL R&D 3.0;rcsl-3.0
FtpBean License;ftpbean
IBM Derivative Works License;x11-ibm
MIT Taylor Variant;mit-taylor-variant
JMagnetic License;jmagnetic
Frontier Artistic License;frontier-1.0
Taligent JDK Proprietary Notice;taligent-jdk
MSXML 4.0 EULA;ms-xml-core-4.0
InstallSite License Agreement;installsite
Historical Notice - NTP;historical-ntp
Apple Quicktime License;quicktime
ppp;ppp License
Red Hat Logos License;red-hat-logos
Takao Abe License;takao-abe
OpenBD exception to GPL 3.0;openbd-exception-3.0
SpeechWorks Public License 1.1;speechworks-1.1
libselinux License;libselinux-pd
Ghostscript General Public License 1988;ghostscript-1988
Far Manager exception to BSD-3-Clause;far-manager-exception
BSD Unmodified;bsd-unmodified
Ralf Corsepius License;ralf-corsepius
IrfanView EULA;irfanview-eula
Info-Zip License 2005-02;info-zip-2005-02
Qpopper License;qpopper
MS DirectX SDK EULA;ms-directx-sdk-eula
Nara Institute License 2003;naist-2003
MIT README License;mit-readme
Proprietary License;proprietary-license
DSL;Design Science License
OPL-2.1;OSET Foundation Public License
Against DRM;Against-DRM
FAL-1.3;Free Art License 1.3
GFDL-1.3-no-cover-texts-no-invariant-sections;GNU Free Documentation License 1.3 with no cover texts and no invariant sections
LO-FR-2.0;Open License 2.0
ODC-BY-1.0;Open Data Commons Attribution License 1.0
OGL-Canada-2.0;Open Government License 2.0 (Canada)
Data Licence Germany-attribution-version 2.0;OGL-DE-BY-2.0
Data Licence Germany-Zero-Version 2.0;OGL-DE-ZERO-2.0
OGL-TW-1.0;Open Government Data License Taiwan 1.0
Talis;Talis Community License
Statistics Canada: Data Liberation Initiative (DLI) - Model Data Use Licence;dli-model-use
Geogratis;geogratis
Higher Education Statistics Agency Copyright with data.gov.uk rights;hesa-withrights
Local Authority Copyright with data.gov.uk rights;localauth-withrights
Met Office UK Climate Projections Licence Agreement;met-office-cp
MITRE Collaborative Virtual Workspace License (CVW License);mitre
License Not Specified;notspecified
Other (Attribution);other-at
Other (Not Open);other-closed
Other (Non-Commercial);other-nc
Other (Open);other-open
Other (Public Domain);other-pd
UK Click Use PSI;ukclickusepsi
UK Crown Copyright;ukcrown
UK Crown Copyright with data.gov.uk rights;ukcrown-withrights
UK PSI Public Sector Information;ukpsi
BlueOak-1.0.0
Bourceux
BSD 3-Clause-Attribution
CC-BY
CC BY-SA
CC0
LiLiQ-P
LiLiQ-R
hp-proliant-essentials
unknown
verbatim-manual
ms-kinext-win-sdk
license-file-reference
4Suite Copyright License
Academic Free License
Affero General Public License 1.0
Affero General Public License 3.0
Affero General Public License 3.0 or later
Affero General Public License 3.0 with Zarafa trademark exceptions
Apache Software License 1.0
App::s2p License
Array Input Method Public License
Artistic (clarified)
Artistic 2.0
Aspell-ru License
BeOpen Open Source License Agreement Version 1
Bibtex License
BitTorrent License
Boost Software License
BSD + Patent
BSD License (original)
BSD License (no advertising)
BSD License (two clause)
CeCILL License v1.1
CeCILL License v2
Celtx Public License (CePL)
CMU License (BSD like)
CNRI License (Old Python)
Common Development Distribution License 1.0
Common Development Distribution License 1.1
Common Public License
Condor Public License
Copyright Attribution Only
CPAL License 1.0
CP/M License
CRC32 License
Creative Commons BSD
Creative Commons GNU GPL
Creative Commons GNU LGPL
Creative Commons Zero 1.0 Universal
Cryptix General License
CUA Office Public License Version 1.0
DO WHATEVER PUBLIC LICENSE
Docbook MIT License
Eclipse Distribution License 1.0
eCos License v2.0
EU Datagrid Software License
Fedora Directory Server License
FLTK License
Fraunhofer FDK AAC License
FreeImage Public License
Freetype License
FSF All Permissive license
GNU General Public License (no version)
GNU General Public License (no version), with Classpath exception
GNU General Public License (no version), with font embedding exception
GNU General Public License v2.0 only, with Classpath exception
GNU General Public License v2.0 only, with font embedding exception
GNU General Public License v2.0 or later, with Classpath exception
GNU General Public License v2.0 or later, with font embedding exception
GNU General Public License v3.0 only, with Classpath exception
GNU General Public License v3.0 only, with font embedding exception
GNU General Public License v3.0 or later, with Classpath exception
GNU General Public License v3.0 or later, with font embedding exception
GNU Lesser General Public License (no version)
GNU Lesser General Public License v2 (or 2.1) only
GNU Lesser General Public License v2 (or 2.1), with exceptions
GNU Lesser General Public License v2 (or 2.1) or later
GNU Lesser General Public License v2 (or 2.1) or later, with exceptions
GNU Lesser General Public License v3.0 only, with exceptions
GNU Lesser General Public License v3.0 or later, with exceptions
Henry Spencer Reg-Ex Library License
IBM Public License
Inner Net License
Interbase Public License
ISC License (Bind, DHCP Server)
JPython License (old)
Julius License
Knuth License
LaTeX Project Public License
LEGO Open Source License Agreement
Lhcyr License
Lisp Library General Public License
Logica Open Source License
Lucent Public License (Plan9)
mecab-ipadic license
Metasploit Framework License (post 2006)
midnight License
MIT license (also X11)
mod_macro License
Mozilla Public License v1.0
Mozilla Public License v1.1
Mozilla Public License v2.0
MX4J License
MySQL License
NCSA/University of Illinois Open Source License
Neotonic Clearsilver License
Netscape Public License
Newmat License
NIST Software License
Nmap License
Nunit License
Open Government License
OpenLDAP License
OpenPBS License
OReilly License
Par License
Perl License
Perl License (variant)
Phorum License
PlainTeX License
Python License
Qwt License 1.0
QuickFix License
RealNetworks Public Source License V1.0
REX License
Rice BSD
Romio License
RSA License
Rsfs License
Sequence Library License
SciTech MGL Public License
SCRIP License
Sleepycat Software Product License
SLIB License
Sun Public License
Teeworlds License
Text-Tabs+Wrap License
Thor Public License
Threeparttable License
Time::ParseDate License
Tolua License
Transitive Grace Period Public Licence
Trusted Computing Group License
Tumbolia Public License
UCAR License
Unicode Character Database Terms Of Use
Unicode License
Universal Permissive License
Vita Nuova Liberal Source License
Vovida Software License v. 1.0
Webmin License
wxWidgets Library License
wxWindows Library License v 3.1
Yahoo Public License v 1.1
Zope Public License v 1.0
Zope Public License v 2.0
Zope Public License v 2.1
zlib/libpng License
9wm License (Original)
Adaptive Public License
Agere LT Modem Driver License
AMAP License
Amazon Software License
Aptana Public License
Artistic 1.0 (original)
AT&T Public License
CACert Root Distribution License
CodeProject Open License (CPOL)
eCos Public License, v1.1
Eiffel Forum License 1.0
EMC2 License
European Union Public License v1.0
Frameworx License
GPL for Computer Programs of the Public Administration
gSOAP Public License
Hacktivismo Enhanced-Source Software License Agreement
Helix DNA Technology Binary Research Use License
HP Software License Terms
IBM Sample Code License
Intel IPW3945 Daemon License
Jahia Community Source License
lha license
License Agreement for Application Response Measurement (ARM) SDK
Maia Mailguard License
MAME License
MeepZor Consulting Public Licence
Metasploit Framework License (pre 2006)
Microsoft's Shared Source CLI/C#/Jscript License
MITRE Collaborative Virtual Workspace License (CVW)
mrouted license (old)
NASA CDF License
NASA Open Source Agreement v1.3
OCLC Public Research License 2.0
Open Map License
Open Motif Public End User License
Open Public License
OSGi Specification License
Paul Hsieh Derivative License
qmail License
Reciprocal Public License
Scilab License (OLD)
Server Side Public License v1 (SSPL)
SGI Free Software License B 1.1 or older
Siren14 License Agreement
Spin Commercial License
Squeak License
SystemC Open Source License
Sun Binary Code License Agreement
Sun Community Source License
Sun Solaris Source Code (Foundation Release) License
Terracotta Public License 1.0
TrueCrypt License
TORQUE v2.5+ Software License v1.0
University of Utah Public License
University of Washington Free Fork License
unrar license
Yahoo Public License 1.0
Zimbra Public License 1.3
SIL Open Font License 1.1 http://scripts.sil.org/cms/sites/nrsi/media/OFL_logo_rect_color.png
Adobe/TUG Utopia license agreement
AMS Bluesky Font License
Arphic Public License
Baekmuk License
Bitstream Vera Font License
Charter License
Creative Commons Attribution license
DoubleStroke Font License
ec Font License
Elvish Font License
GUST Font License
Hack Open Font License
Hershey Font License
Liberation Font License
Lucida Legal Notice
mplus Font License
ParaType Font License
Punknova Font License
STIX Fonts User License
Wadalab Font License
XANO Mincho Font License
DIP SIPA Font License
Larabie Fonts License
Literat Font License
Ubuntu Font License
Creative Commons Attribution-ShareAlike
Creative Commons Attribution-NoDerivs
Distributed Management Task Force License
EFF Open Audio License v1
Ethymonics Free Music License
Free Art License
GeoGratis Licence Agreement
GNU General Public License
License Ouverte
LinuxTag Green OpenMusic License
Open Data Commons Public Domain Dedication and Licence
Open Data License (GeoLite Country and GeoLite City databases)
CAcert Non-Related Persons Disclaimer and License
Creative Commons Attribution-NonCommercial-NoDerivs
Creative Commons Attribution-NonCommercial
Creative Commons Attribution-NonCommercial-ShareAlike
Creative Commons Sampling Plus 1.0
LinuxTag Yellow OpenMusic License
Apple's Common Documentation License, Version 1.0
FreeBSD Documentation License
GNU Free Documentation License
IEEE and Open Group Documentation License
Linux Documentation Project License
Old FSF Documentation License
Open Publication License, v1.0
Public Use License, v1.0
Verbatim License
Open Content License
Affero General Public License 2.0
BSD License 3.0
BCL
AGPL-1.0
X-Oz License
Creative Commons Sampling Plus (CC-sampling+), v1.0
License for OpenPBS and Torque
Swiss Ephemeris Public License
SPIN License
4Suite License (v. 1.1)
Academic Free License (AFL) (v. 1.0)
Academic Free License (AFL) (v. 1.1)
Academic Free License (AFL) (v. 1.2)
Academic Free License (AFL) (v. 2.0)
Academic Free License (AFL) (v. 2.1)
Academic Free License (AFL) (v. 3.0)
Apache License (v. 1.0)
Apache License (v. 1.1)
Apache License (v. 2.0)
Boost Software License (Einordnung unklar)
BSD 2-clause "Simplified" or "FreeBSD" License
BSD 3-clause "New" or "Revised" License
BSD 4-clause "Original" or "Old" License
Christian Software Public License
CNRI Open Source License Agreement
Condor Public License (v. 1.1)
Contrat de License de Logiciel Libre CeCILL-B
Curl License
Do What The Fuck You Want To Public License (v. 1.0)
Do What The Fuck You Want To Public License (v. 2.0)
Eclipse Distribution License (v 1.0)
Educational Community License (v. 1.0)
Educational Community License (v. 2.0)
Eiffel Forum License (v. 1.0)
Eiffel Forum License (v. 2.0)
Entessa Public License (v. 1.0)
EU DataGrid Software License (v. 2.0)
Free Fuzzy Logic Library Open Source License
Galen Open Source License (GOSL)
Globus Toolkit Public License
Globus Toolkit Public License (GTPL) (v. 2.0)
ImageMagick Terms and Conditions for Use, Reproduction, and Distribution
Historical Permission Notice and Disclaimer (HPND)
Horde Apache-like License
Horde BSD-like License
Indiana University Extreme! Lab Software License, Version 1.2
Intel Open Source License for CDSA/CSSM Implementation
JasPer License Version 2.0
Lua Copyright notice
Lucent Public License Version (v. 1)
Lucent Public License Version (v. 1.02)
Microsoft Permissive License (Ms-PL)
Microsoft Public License (Ms-PL)
Mozart License
NUnit License
Open Media Group Open Source License
OpenLDAP Public License (v. 1.1)
OpenLDAP Public License (v. 1.2)
OpenLDAP Public License (v. 1.3)
OpenLDAP Public License (v. 1.4)
OpenLDAP Public License (v. 2.0)
OpenLDAP Public License (v. 2.0.1)
OpenLDAP Public License (v. 2.1)
OpenLDAP Public License (v. 2.2)
OpenLDAP Public License (v. 2.3)
OpenLDAP Public License (v. 2.4)
OpenLDAP Public License (v. 2.5)
OpenLDAP Public License (v. 2.6)
OpenLDAP Public License (v. 2.7)
OpenLDAP Public License (v. 2.8)
OpenSSL License (Einordnung unklar)
Pangeia Informatica Copyright (v. 1.2)
Phorum License (v. 2.0)
PHP License (v. 3.0)
PHP License (v. 3.1)
Privaria Attribution Assurance License
Python 2.0.1 License
Python 2.4.2 license
Python Software Foundation License (v. 2)
skyBuilders Open Source License
SpeechWorks Public License - Software (v. 1.1)
Standard ML of New Jersey Copyright Notice
Suneido Free Software License
Tcl/Tk License Terms
Tea Software License
The SpeechWorks Public License (v. 1.1 )
Trusster Open Source License (v. 1.0a)
Udanax Open-Source License
Universal Permissive License (v. 1.0)
University of Illinois/NCSA Open Source License (NSCA)
Vovida Software License v 1.0
W3C Software and Document Notice and License
Wide Open License (WOL)
X Window System License
XFree86 Licence
Zlib license
Zope Public License (v. 1.1)
Zope Public License (v. 2.0)
Zope Public License (v. 2.1)
Affero General Public License (v. 1)
Affero General Public License (v. 2)
Alternate Route Open Source License (v. 1.1)
CrossPoint Quelltextlizenz
eCos License (v. 2.0)
FreeCard License
GNU Affero General Public License (AGPL-3.0) (v. 3.0)
GNU Classpath - GPL with special exception
GNU Emacs General Public License
GNU General Public License (GPL) (v. 1.0)
GNU General Public License (GPL) (v. 2.0)
GNU General Public License (GPL) (v. 3.0)
GNU General Public License v2.0 w/Bison exception
GNU General Public License v2.0 w/Classpath exception
GNU General Public License v2.0 w/Font exception
GNU General Public License v2.0 w/GCC Runtime Library exception
GNU General Public License v3.0 w/Autoconf exception
GNU General Public License v3.0 w/GCC Runtime Library exception (RLE 3.0)
GNU General Public License v3.0 w/GCC Runtime Library exception (RLE 3.1)
Honest Public License (HPL) (v 1.0)
Honest Public License (HPL) (v 1.1)
Open RTLinux Patent License
RedHat eCos Public License (v. 2.0)
Simple Public License (v. 2.0)
CeCILL Free Software License Agreement (v. 1.0)
CeCILL Free Software License Agreement (v. 1.1)
CeCILL Free Software License Agreement (v. 2.0)
CeCILL Free Software License Agreement (v. 2.1)
Contrat de License de Logiciel Libre CeCILL (v. 1.0)
Contrat de License de Logiciel Libre CeCILL  (v. 2.0)
Contrat de License de Logiciel Libre CeCILL  (v. 2.1)
Common Public License (v. 0.5)
Common Public License (v. 1.0)
Deutsche Freie Softwarelizenz (d-fsl)
Eclipse Public License (v. 1.0)
European Union Public License (v. 1.0)
European Union Public Licence (v. 1.1)
European Union Public Licence (v. 1.2)
Reciprocal Public License (v. 1.0)
Reciprocal Public License (v. 1.1)
Reciprocal Public License (v. 1.3)
Reciprocal Public License (v. 1.5)
SIL Open Font License (v. 1.0)
SIL Open Font License (v. 1.1)
Salutation Public License
Software AG License Terms (Quip License) (v. 1.3)
Common Development and Distribution License (CDDL) (v. 1.0)
Common Development and Distribution License, Version 1.1 (CDDL v 1.1)
Common Public Attribution License (v. 1.0)
Computer Associates Trusted Open Source License (v. 1.1)
CUA Office Public License (v. 1.0)
Erlang Public License (v. 1.1)
gSOAP Public License (v. 1.0)
gSOAP Public License (v.  1.1)
gSOAP Public License (v.  1.2)
gSOAP Public License (v.  1.3)
gSOAP Public License (v. 1.3a)
gSOAP Public License (v. 1.3b)
ICS Open Source Public License
Mozilla Public License (v. 1.0)
Mozilla Public License (v. 1.1)
Mozilla Public License (v. 2.0)
NASA Open Source Agreement (v. 1.1)
NASA Open Source Agreement (v. 1.3)
Netizen Open Source License (NOSL)
Open Public License (v. 1.0)
Open Telecom Public License
Openbravo Public License
OpenC++ License Terms
RedHat eCos Public License (v. 1.1)
SNIA Public License Version (v.1.1)
SugarCRM Public License (v. 1.1.3)
Sun Industry Standards Source License (v. 1.0)
Sun Industry Standards Source License (v. 1.1)
Sun Industry Standards Source License (v. 1.2)
Zend Engine License (v. 2.0)
Zenplex Public License
Zimbra Public License (ZPL) (v. 1.2)
Zimbra Publice License (v. 1.3)
Zimbra Publice License (v. 1.4)
Adaptive Public License (v.1.0)
Apple Public Source License (v. 2.0)
BitTorrent Open Source License (v. 1.0)
Bremer Lizenz für freie Softwarebibliotheken (OSCI-Lizenz) (v. 1.0)
Code Project Open License (CPOL) (v. 1.02)
Contrat de License de Logiciel Libre CeCILL-C
Cougaar Open Source License Agreement
Eclipse Public License (v. 2.0)
GNU Library General Public License (LGPL) (v. 2.0)
GNU Lesser General Public License (LGPL) (v. 2.1)
GNU Lesser General Public License (LGPL) (v. 3.0)
Hi-Potent Open Source License
Microsoft Reciprocal License (Ms-RL)
Motosoto Open Source License (v. 0.9.1)
Open CASCADE Technology Public License (v. 6.6)
wxWindows License (v. 1.0)
wxWindows Library License (v. 3.0)
wxWindows Library License (v. 3.1)
Yahoo! Public License (YPL) (v. 1.1)
ANTLR 2 License
Artistic License (v. 1.0)
Artistic License (v. 2.0)
Frameworx Open License (v. 1.0)
Keith Devens' Open Source License
LaTeX Project Public License (LPPL) (v. 1.0)
LaTeX Project Public License (LPPL) (v. 1.1)
LaTeX Project Public License (LPPL) (v. 1.2)
LaTeX Project Public License (LPPL) (v. 1.3b)
LaTeX Project Public License (LPPL) (v. 1.3c)
Physnet Package License
SGI Free Software License B (v. 1.0)
SGI Free Software License B (v. 1.1)
Apple Public Source License (v. 1.2)
Macromedia Open Source License Agreement (v. 1.0)
Netscape Public License (NPL) (v. 1.0)
Netscape Public License (NPL) (v. 1.1)
OCLC Research Public License (v. 1.0)
OCLC Research Public License (v. 2.0)
Open Map Software License Agreement
Q Public License (v. 1.0) (QPL)
RealNetworks Community Source License - Research and Development Use (RCSL R&D) (v 2.0)
RealNetworks Community Source License - Research and Development Use (RCSL R&D) (v 3.0)
RealNetworks Public Source License (RPSL) (v. 1.0)
