pattern,num
pytest unittest,304
unittest mock,241
requests urllib2,175
pytest nose,156
requests urllib,155
path os,107
json simplejson,82
six urllib,74
ruamel pyyaml,73
cryptography pycryptodome,73
ujson json,65
click argparse,60
pycryptodomex pycryptodome,59
requests httplib2,57
pyyaml json,55
json pickle,55
botocore boto,50
sentry-sdk raven,41
simplejson json,40
testtools unittest,40
aiohttp requests,37
urllib requests,37
unittest pytest,34
six urllib2,33
tensorflow keras,30
requests httplib,28
json pyyaml,27
neutron-lib neutron,27
nose unittest,26
tenacity retrying,25
pycodestyle pep8,25
urllib3 requests,24
mock mox,24
transformers pytorch-transformers,24
argparse click,23
unicodecsv csv,23
urllib2 requests,23
unittest nose,23
regex re,23
docopt argparse,22
requests pycurl,22
tqdm progressbar,21
ipaddress ipaddr,20
six future,20
py2-ipaddress ipaddr,20
dill pickle,20
imageio scipy,19
json ujson,19
testtools unittest2,18
django unittest,18
pickle json,17
requests-mock httpretty,17
algoliasearch-django unittest,17
google oauth2client,17
requests-oauthlib requests-oauth2,17
httpx requests,16
platform os,16
mock unittest,15
future six,15
oslo.serialization json,14
oslo.utils uuid,14
pytest unittest2,14
argparse docopt,14
numpy scipy,14
argparse sys,14
models model,14
pytest py,14
astropy pyfits,14
oslotest testtools,14
requests requests-oauth2,14
cryptography pyopenssl,14
unittest mbed-host-tests,13
lxml beautifulsoup,13
unittest test,13
six httplib,13
osc-lib openstackclient,13
configargparse argparse,13
urllib six,13
requests-oauthlib oauth2,13
numpy math,13
social-auth-core social-auth,12
dataclasses attr,12
dataclasses attrs,12
sys os,12
click docopt,12
munch bunch,12
requests http,12
test unittest,11
cryptography m2crypto,11
defusedxml lxml,11
mock mox3,11
ujson simplejson,11
mbed-host-tests unittest,11
oslo.log logging,11
alembic sqlalchemy-migrate,11
alabaster sphinx-rtd-theme,11
zeep suds,11
torch tensorboard-pytorch,11
zeep suds-py3,11
responses httpretty,11
sphinx-rtd-theme sphinx-bootstrap-theme,11
pyyaml ruamel,11
social-auth-app-django social-auth,11
sys platform,10
pytest pandas,10
futures multiprocessing,10
urllib2 httplib,10
aiohttp websockets,10
json pprint,10
bs4 beautifulsoup,10
cartopy basemap,10
cchardet chardet,10
cchardet chardet2,10
pandas csv,10
django south,10
requests-oauth2 oauth,10
social-auth-core social,10
pyside2 pyqt5,10
pillow scipy,10
orjson json,10
os path,10
csv pandas,9
msgpack json,9
configparser config,9
pyside2 qt5,9
math numpy,9
six algoliasearch-django,9
six django,9
requests urllib3,9
algoliasearch-django six,9
re regex,9
requests oauth2,9
multiprocess multiprocessing,9
dateutil pytz,9
django six,9
django simplejson,9
django jingo,9
six configparser,8
httplib urllib2,8
http requests,8
sphinx-rtd-theme sphinx-testing,8
oauthlib requests-oauth2,8
skimage scipy,8
sphinx-rtd-theme sphinx,8
aenum enum34,8
oauthlib oauth2,8
torch tensorboardx,8
flask bottle,8
social-auth-app-django social,8
pytest django,8
numpy pandas,8
pyyaml configparser,8
aenum enum,8
click notifications-client,8
algoliasearch-django simplejson,8
cx-freeze py2exe,8
pickle dill,7
openstack.nose-plugin os-client-config,7
py.test nose,7
plyvel leveldb,7
json config,7
argparse core-parser-app,7
path multiprocessing,7
passlib hashlib,7
decorator functools,7
httpx aiohttp,7
grequests requests,7
tweepy twitter,7
netaddr ipaddr,7
mock mocker,7
invoke fabric,7
invoke fabric3,7
logging logger,7
alembic migrate,7
json django,7
urllib2 httplib2,7
astrohelpers astropy,7
joblib scikit,7
six sys,7
pytest mbed-host-tests,7
sphinx-astropy astrohelpers,7
sounddevice pyaudio,7
scikit scipy,7
pytorch-transformers pytorch-pretrained-bert,7
asyncio tornado,7
fonttools ufolib,7
algoliasearch-django jingo,6
elasticsearch-dsl elasticsearch,6
attr characteristic,6
attrs characteristic,6
requests wget,6
unittest algoliasearch-django,6
unittest django,6
configobj configparser,6
beautifulsoup4 lxml,6
six pickle,6
eventlet gevent,6
json lxml,6
json csv,6
semantic-version node-semver,6
json configparser,6
unittest torch-scatter,6
netaddr py2-ipaddress,6
msgpack pickle,6
netaddr ipaddress,6
ssh paramiko,6
py2-ipaddress netaddr,6
sys nevow,6
pillow wand,6
pyyaml config,6
cloudpickle pickle,6
async-timeout async,6
asyncio multiprocessing,6
oslo.i18n neutron,6
sklearn scikit,6
request requests,6
tornado flask,6
distro platform,6
asyncio twisted,6
pytest asyncio,6
tomlkit toml,6
semantic-version semver,6
html htmlparser,6
joblib sklearn,6
guzzle-sphinx-theme sphinx-rtd-theme,6
fasteners lockfile,6
ipaddress netaddr,6
h5py tables,6
importlib django,6
imdbpie imdbpy,5
utils common,5
string inspect,5
string the,5
multiprocessing joblib,5
hashlib the,5
tabulate prettytable,5
aioredis redis,5
pg8000 psycopg2,5
tensorboard-pytorch tensorflow,5
htmlparser lxml,5
paramiko fabric3,5
paramiko fabric,5
multiprocessing multiprocess,5
pyaes pycryptodome,5
oslo.utils hashlib,5
oslo.config argparse,5
os unittest,5
toml pyyaml,5
setuptools functools,5
httplib2 requests,5
oauthlib oauth,5
csv unicodecsv,5
ssl pyopenssl,5
msgpack u-msgpack-python,5
rapidjson ujson,5
backports csv,5
beautifulsoup lxml,5
requests-mock mock,5
bleach html5lib,5
requests urlgrabber,5
functools functional,5
six htmlparser,5
bottle flask,5
whitenoise dj-static,5
six xmlrpclib,5
requests grequests,5
rapidjson json,5
pycryptodome m2crypto,5
cloudpickle dill,5
pytest tox,5
pytest testify,5
pytest algoliasearch-django,5
pysmartdl wget,5
watchdog pyinotify,5
pypandoc pyandoc,5
pymysql mysqlclient,5
pymemcache python3-memcached,5
pymemcache memcached,5
pycryptodome pycryptodomex,5
msgpack umsgpack,5
os sys,5
importlib algoliasearch-django,5
json algoliasearch-django,5
importlib-metadata entrypoints,5
jinja2 cheetah,5
unittest twisted,5
unittest testtools,5
jinja2 cheetah3,5
json flatten-json,5
jinja2 django,5
json anyjson,5
model models,5
jinja2 algoliasearch-django,5
lxml beautifulsoup4,5
algoliasearch-django models,5
logging zlog,5
askbot models,4
asn1crypto pyasn1,4
config configparser,4
json sqlite3,4
psycopg2 pg8000,4
pytest astropy,4
unittest py,4
sqlalchemy psycopg2,4
pytest attest,4
common utils,4
protobuf json,4
googleapis-common-protos json,4
sphinx-bootstrap-theme sphinx-rtd-theme,4
webob paste,4
flask json,4
json zmq,4
string distribute,4
pynacl ed25519,4
unittest sphinx-testing,4
jsonpickle pickle,4
colorama termcolor,4
logging bb,4
pydot2 pydotplus,4
pydot pydotplus,4
pycryptodome cryptography,4
pydantic dataclasses,4
sqlite3 the,4
pycryptodomex cryptography,4
logbook logging,4
pyinotify watchdog,4
gevent eventlet,4
colorama blessings,4
requests mechanize,4
setuptools setuptools-scm,4
setuptools-scm setuptools,4
flask webapp2,4
backports tempfile,4
responses mock,4
simplejson algoliasearch-django,4
simplejson django,4
urllib pycurl,4
simplejson ujson,4
blessed blessings,4
jinja2 mako,4
requests unirest,4
requests six,4
six functools,4
functools pyfunctional,4
soundfile librosa,4
unittest2 testtools,4
asyncio trollius,4
werkzeug urllib,4
cftime netcdf4,4
json orjson,4
requests botocore,4
flake8 pylint,4
regex path,4
slixmpp sleekxmpp,4
smbus2 smbus-cffi,4
futurist futures,4
eventlet time,4
astropy pytest,4
hjson json,4
platform sys,4
unittest py.test,4
math the,4
pdb ipdb,4
tensorboardx tensorflow,4
tornado cherrypy,4
test string,4
email the,4
turtle the,4
fastapi flask,4
http httplib,4
opencv pillow,4
transformers pytorch-pretrained-bert,4
mbed-host-tests string,4
email pyobjc-framework-message,4
cytoolz toolz,4
django models,4
fastapi Flask,4
text-unidecode unidecode,4
tqdm clint,4
cryptography pycryptodomex,4
oyaml pyyaml,4
csv json,4
tushare string,4
openstacksdk os-client-config,4
pendulum pytz,4
orjson ujson,4
importlib entrypoints,4
typing string,4
elasticsearch-dsl haystack,4
u-msgpack-python msgpack,4
os python,4
twisted time,4
env config,4
pillow imageio,4
napalm napalm-base,4
models django,4
igenutils ipython,4
corner triangle,4
pickle cloudpickle,4
djangorestframework algoliasearch-django,4
elasticsearch pyes,4
tox detox,3
werkzeug flask,3
six mock,3
umsgpack msgpack,3
appdirs pyxdg,3
utils django,3
torchvision torch,3
utils tempfile,3
xarray netcdf4,3
arrow time,3
asynctest unittest,3
autograd numpy,3
aiida-core tempfile,3
setuptools unittest,3
typing pytest,3
sh gitpython,3
shortuuid uuid,3
twisted logging,3
uservoice unittest,3
zconfig zlog,3
six astropy,3
urllib htmlparser,3
xmltodict lxml,3
aiohttp tornado,3
xarray pandas,3
algoliasearch-django south,3
webtest twill,3
traitlets ipython,3
algoliasearch-django tempfile,3
attest unittest,3
apscheduler schedule,3
webob pastescript,3
torch numpy,3
astropy logger,3
sqlite3 mysqlclient,3
argparse unittest,3
algoliasearch-django flask,3
sqlite3 pickle,3
unittest form,3
arrow dateutil,3
typing-extensions myextensions,3
algoliasearch-django jsonfield,3
tempfile unittest,3
tempfile os,3
aio-pika pika,3
unittest pandas,3
stable-baselines baselines,3
waitress gunicorn,3
tableschema jsontableschema,3
algoliasearch-django importlib,3
user-agent unittest,3
sys config,3
version setuptools,3
tableschema json-table-schema,3
sys unittest,3
sqlalchemy sqlite3,3
sqlalchemy sqlalchemy-migrate,3
archinfo arch,3
spacy nltk,3
toml json,3
toml configparser,3
websocket-client socket,3
websocket socket,3
webob werkzeug,3
artifacts tempfile,3
tifffile skimage,3
algoliasearch-django jsonfield2,3
unittest the,3
webob pastedeploy,3
waitress wsgiref,3
tifffile scikit,3
sphinx-readable-theme sphinx-rtd-theme,3
uuid tempfile,3
sphinx-rtd-theme cloud-sptheme,3
users user,3
unittest case,3
sphinx-rtd-theme guzzle-sphinx-theme,3
apsw sqlite3,3
aiohttp http,3
aioredis asyncio-redis,3
flaky pytest,3
backports functools32,3
lxml elementtree,3
monotonic time,3
edx-sphinx-theme sphinx-rtd-theme,3
mock pytest,3
mock minimock,3
mock flexmock,3
misaka markdown,3
mechanicalsoup mechanize,3
lxml bs4,3
docopt click,3
logging the,3
logging sys,3
logging pytest,3
kombu pika,3
keras pandas,3
jsonschema json,3
jsonpath-rw-ext jsonpath-rw,3
dulwich gitpython,3
multiprocessing gevent,3
event events,3
numpy unittest,3
os mbed-host-tests,3
os config,3
ordered-set orderedset,3
openpyxl xlwt-future,3
openpyxl xlwt,3
opencv scipy,3
django importlib,3
django pytest,3
djangorestframework django,3
django redis,3
numpy functools,3
notifications-client tempfile,3
django the,3
nose pytest,3
napalm-base unittest,3
mysqlclient pymysql,3
ethereum-utils ethereum,3
json ruamel,3
scrapinghub hubstorage,3
fixtures tempfile,3
gpiozero rpi.gpio,3
googleappenginepipeline unittest,3
googleapis-common-protos apiclient,3
files file,3
google gcloud,3
gi pygtk,3
gevent multiprocessing,3
future urllib2,3
hachoir hachoir-parser,3
functools unittest,3
functools time,3
functools notifications-client,3
fs os,3
freezegun time,3
form unittest,3
flask tornado,3
gssapi kerberos,3
hashlib pycryptodome,3
json requests,3
joblib multiprocessing,3
f5-sdk tempfile,3
json jsonpickle,3
json flask,3
jose pyjwt-mozilla,3
jose pyjwt,3
jose jwt,3
joblib pickle,3
ipyparallel ipython,3
httplib requests,3
ipdb pdbpp,3
ipdb pdb,3
fabric paramiko,3
fabric3 paramiko,3
ibm-cos-sdk boto,3
httpretty mock,3
httplib2 urllib2,3
os nevow,3
ddt parameterized,3
os pytest,3
re json,3
requests httpretty,3
celery rq,3
celery twisted,3
cheroot cherrypy,3
redis pytest,3
redis fakeredis,3
click Flask,3
qtpy pyside2,3
requests logging,3
qt5 pyside2,3
coincurve secp256k1,3
pytest unittest-xml-reporting,3
pytest tensorflow,3
colosseum tempfile,3
pytest notifications-client,3
commands command,3
requests json,3
bottle http,3
dataset data,3
requests-mock requests,3
scipy numpy,3
scipy netcdf4,3
sanic flask,3
rsa m2crypto,3
base pandas,3
resources lib,3
base unittest,3
beautifulsoup4 pyquery,3
requests pylibrary,3
requests-kerberos kerberos,3
bokeh matplotlib,3
requests socket,3
requests selenium,3
requests restkit,3
boto botocore,3
requests request,3
pytest functools,3
pysoundfile librosa,3
pysdl2 pygame,3
path py.test,3
pillow opencv,3
pillow matplotlib,3
pies2overrides nevow,3
pickle msgpack,3
pcapy pypcap,3
pcapy pcap,3
path unipath,3
path py,3
pysam pyvcf,3
cryptography ecdsa,3
passlib bcrypt,3
pandas numpy,3
pandas functools,3
oslo.log neutron,3
daemonize daemon,3
os test,3
pillow scikit,3
core-parser-app tempfile,3
pip-api pip,3
core-parser-app configparser,3
pyquery beautifulsoup,3
pyqtgraph matplotlib,3
pyppeteer selenium,3
pyopenssl ssl,3
pynput pyuserinput,3
pylint-django unittest,3
pycurl urllib2,3
confluent-kafka kafka,3
confluent-kafka kafka-python,3
core utils,3
py nose,3
prompt-toolkit readline,3
prompt-toolkit gnureadline,3
prettytable texttable,3
plotly matplotlib,3
pyqt5 pyside2,3
